date,close,SMA_20,SMA_50,EMA_12,EMA_26,RSI_14,ATR_14,MACD,Signal,Histogram,BB_Upper,BB_Middle,BB_Lower,Stoch_K,Stoch_D,Plus_DI,Minus_DI,ADX,signal
2024-01-02,100.0,,,,,,,,,,,,,,,,,,HOLD
2024-01-03,101.0104,,,,,,,,,,,,,,,,,,HOLD
2024-01-04,100.7226,,,,,,,,,,,,,,,,,,HOLD
2024-01-05,100.2285,,,,,,,,,,,,,,,,,,HOLD
2024-01-08,99.7296,,,,,,,,,,,,,,,,,,HOLD
2024-01-09,103.1428,,,,,,,,,,,,,,,,,,HOLD
2024-01-10,104.8856,,,,,,,,,,,,,,,,,,HOLD
2024-01-11,103.7898,,,,,,,,,,,,,,,,,,HOLD
2024-01-12,105.0678,,,,,,,,,,,,,,,,,,HOLD
2024-01-15,105.6551,,,,,,,,,,,,,,,,,,HOLD
2024-01-16,100.9549,,,,,,,,,,,,,,,,,,HOLD
2024-01-17,98.5478,,,101.9779,,,,,,,,,,,,,,,HOLD
2024-01-18,99.2924,,,101.5648,,,,,,,,,,,,,,,HOLD
2024-01-19,102.8191,,,101.7577,,,3.024,,,,,,,46.0028,,33.0707,21.8032,,HOLD
2024-01-22,102.2561,,,101.8344,,55.0472,2.9619,,,,,,,40.6908,,31.3526,21.0334,,HOLD
2024-01-23,100.8819,,,101.6879,,51.6286,3.0104,,,,,,,27.7251,38.1396,28.6435,23.6425,,HOLD
2024-01-24,101.169,,,101.608,,52.2952,2.9293,,,,,,,30.4339,32.95,27.334,22.5616,,HOLD
2024-01-25,99.6342,,,101.3044,,48.4513,3.0005,,,,,,,15.9529,24.704,24.7796,25.3058,,HOLD
2024-01-26,98.8959,,,100.9338,,46.6741,2.8919,,,,,,,8.987,18.4579,23.8739,24.6306,,HOLD
2024-01-29,98.8686,101.3776,,100.6161,,46.606,2.8378,,,,105.6395,101.3776,97.1157,8.7294,11.2231,24.5029,23.3067,,HOLD
2024-01-30,96.1382,101.1845,,99.9272,,40.2784,2.9267,,,,105.9934,101.1845,96.3756,9.8292,9.1818,22.0616,29.2109,,HOLD
2024-01-31,98.237,101.0458,,99.6672,,46.3124,3.0052,,,,106.0238,101.0458,96.0679,25.0865,14.5483,26.6121,26.4162,,HOLD
2024-02-01,95.044,100.7619,,98.9559,,39.7349,3.0807,,,,106.387,100.7619,95.1369,6.0472,13.6543,24.1059,28.6892,,HOLD
2024-02-02,91.6519,100.3331,,97.8322,,34.181,3.1618,,,,107.2213,100.3331,93.4449,6.2616,12.4651,21.81,33.5181,,HOLD
2024-02-05,92.1507,99.9541,,96.9581,,35.6064,3.0402,,,,107.7124,99.9541,92.1959,10.0534,7.4541,21.0622,32.3688,,HOLD
2024-02-06,94.0242,99.4982,,96.5068,99.7999,40.7925,3.1166,-3.2932,,,107.5206,99.4982,91.4759,24.2953,13.5368,26.8017,29.3193,,HOLD
2024-02-07,94.4786,98.9779,,96.1947,99.4058,42.0124,3.1141,-3.211,,,106.8842,98.9779,91.0716,27.7496,20.6994,24.9072,27.2469,9.9116,HOLD
2024-02-08,94.1842,98.4976,,95.8854,99.019,41.417,3.0735,-3.1335,,,106.3431,98.4976,90.6521,26.3656,26.1368,23.4335,26.5714,9.6519,HOLD
2024-02-09,93.3991,97.9141,,95.5029,98.6027,39.7973,3.007,-3.0998,,,105.4478,97.9141,90.3805,20.8162,24.9771,22.2411,25.2193,9.4107,HOLD
2024-02-12,92.1948,97.2411,,94.994,98.128,37.3822,2.983,-3.1341,,,104.2769,97.2411,90.2054,12.8064,19.996,20.8186,27.9713,9.7856,HOLD
2024-02-13,94.9746,96.9421,,94.991,97.8944,45.5898,3.034,-2.9034,,,103.8278,96.9421,90.0564,37.0779,23.5668,25.473,25.5369,9.0956,HOLD
2024-02-14,95.8656,96.808,,95.1255,97.7442,47.945,2.9412,-2.6186,,,103.6678,96.808,89.9482,53.7165,34.5336,26.3872,24.4607,8.7166,HOLD
2024-02-15,94.8155,96.5842,,95.0778,97.5272,45.4481,3.0029,-2.4494,,,103.3971,96.5842,89.7712,42.7369,44.5104,23.9994,28.3164,8.6834,HOLD
2024-02-16,92.9715,96.0918,,94.7538,97.1898,41.3734,2.947,-2.436,-2.9199,0.4839,102.4386,96.0918,89.745,23.7764,40.0766,22.7081,27.0936,8.6921,HOLD
2024-02-19,94.6357,95.7108,,94.7356,97.0006,46.0726,2.9231,-2.2649,-2.7889,0.524,101.4139,95.7108,90.0077,41.4142,35.9759,26.1521,25.3635,8.1806,HOLD
2024-02-20,97.4963,95.5415,,95.1603,97.0373,53.0402,2.9751,-1.8769,-2.6065,0.7296,100.8046,95.5415,90.2784,89.5419,51.5775,30.347,23.1402,8.5587,HOLD
2024-02-21,100.1714,95.4916,,95.9313,97.2694,58.4471,2.9962,-1.3382,-2.3528,1.0147,100.5556,95.4916,90.4276,94.0652,75.0071,33.8938,21.3358,9.5715,HOLD
2024-02-22,97.7103,95.3954,,96.205,97.3021,52.4624,3.0885,-1.0971,-2.1017,1.0046,100.2078,95.3954,90.583,69.5501,84.3857,30.5323,27.6403,9.2429,HOLD
2024-02-23,96.8313,95.2922,,96.3013,97.2672,50.4745,3.0048,-0.9659,-1.8745,0.9086,99.8833,95.2922,90.7011,60.7943,74.8032,29.1414,26.593,8.9093,HOLD
2024-02-26,95.4698,95.1222,,96.1734,97.1341,47.4738,2.9773,-0.9607,-1.6918,0.7311,99.413,95.1222,90.8315,47.2323,59.1922,27.3095,28.7187,8.4526,HOLD
2024-02-27,94.9568,95.0632,,95.9862,96.9728,46.3556,2.8318,-0.9866,-1.5507,0.5642,99.3288,95.0632,90.7975,42.1223,50.0496,26.6622,28.038,8.0285,HOLD
2024-02-28,97.2693,95.0148,,96.1836,96.9948,51.8603,2.8206,-0.8111,-1.4028,0.5917,99.1554,95.0148,90.8741,65.1572,51.504,30.5621,26.1386,8.0123,HOLD
2024-02-29,101.2222,95.3237,,96.9588,97.3079,59.5089,2.9411,-0.3491,-1.1921,0.843,100.2704,95.3237,90.377,94.9856,67.4217,37.2817,23.2775,9.0917,HOLD
2024-03-01,102.3322,95.8577,,97.7855,97.6801,61.3652,3.02,0.1054,-0.9326,1.038,101.3764,95.8577,90.339,84.5367,81.5598,39.2417,21.05,10.5975,HOLD
2024-03-04,100.3711,96.2687,,98.1833,97.8794,56.4419,2.9744,0.3038,-0.6853,0.9891,101.846,96.2687,90.6914,67.5097,82.344,36.9966,20.1281,11.9498,HOLD
2024-03-05,100.279,96.5815,,98.5057,98.0572,56.2138,2.8839,0.4485,-0.4585,0.9071,102.3194,96.5815,90.8435,66.7101,72.9188,36.5881,19.2771,13.3096,HOLD
2024-03-06,105.0009,97.1076,,99.5049,98.5715,64.2015,3.0805,0.9334,-0.1801,1.1136,103.824,97.1076,90.3912,93.1336,75.7845,42.7515,16.7577,15.4789,HOLD
2024-03-07,105.2921,97.663,,100.3953,99.0693,64.6301,3.094,1.3259,0.1211,1.2049,105.1171,97.663,90.2088,88.1102,82.6513,41.6102,15.4932,17.6402,HOLD
2024-03-08,104.365,98.2113,,101.006,99.4616,62.0821,3.1439,1.5444,0.4057,1.1387,105.9384,98.2113,90.4841,80.5394,87.261,38.0247,18.0356,18.9271,HOLD
2024-03-11,103.695,98.7863,98.8956,101.4197,99.7752,60.2339,3.2501,1.6445,0.6535,0.991,106.3468,98.7863,91.2258,75.2251,81.2915,35.7642,16.1997,20.2644,HOLD
2024-03-12,104.8216,99.2786,98.992,101.9431,100.149,62.268,3.1916,1.7941,0.8816,0.9125,107.0613,99.2786,91.4959,84.161,79.9751,33.8187,15.3185,21.5063,HOLD
2024-03-13,102.3041,99.6006,99.0179,101.9986,100.3086,55.4432,3.2549,1.69,1.0433,0.6467,107.3243,99.6006,91.8768,64.1927,74.5263,30.7923,20.4302,21.4151,HOLD
2024-03-14,100.7886,99.8992,99.0192,101.8125,100.3442,51.7651,3.2127,1.4683,1.1283,0.34,107.3156,99.8992,92.4828,52.1721,66.842,28.968,21.675,20.9141,HOLD
2024-03-15,103.5564,100.4285,99.0858,102.0808,100.5821,57.3324,3.2176,1.4986,1.2023,0.2963,107.2811,100.4285,93.5758,73.4538,63.2729,31.7876,20.0967,21.0297,HOLD
2024-03-18,104.5871,100.926,99.1829,102.4663,100.8788,59.22,3.2012,1.5876,1.2794,0.3082,107.4618,100.926,94.3902,78.2733,67.9664,34.9593,18.7562,21.6822,HOLD
2024-03-19,104.9068,101.2966,99.2182,102.8418,101.1772,59.8138,3.1503,1.6646,1.3564,0.3082,107.8528,101.2966,94.7403,73.9209,75.216,32.9874,17.6982,22.2881,HOLD
2024-03-20,107.9301,101.6845,99.2791,103.6246,101.6774,65.0039,3.1991,1.9472,1.4746,0.4726,108.821,101.6845,94.548,91.2392,81.1445,36.1257,16.1832,23.4192,HOLD
2024-03-21,105.7172,102.0848,99.3177,103.9466,101.9766,58.9977,3.2216,1.9699,1.5737,0.3963,109.1829,102.0848,94.9868,67.3227,77.4943,33.3111,21.4508,23.2934,HOLD
2024-03-22,104.7199,102.4793,99.3107,104.0655,102.1798,56.4655,3.3125,1.8857,1.6361,0.2496,109.2342,102.4793,95.7244,56.5441,71.702,30.0833,23.2172,22.5497,HOLD
2024-03-25,105.6456,102.988,99.3105,104.3086,102.4366,58.2565,3.1776,1.8721,1.6833,0.1888,109.052,102.988,96.9241,65.9928,63.2865,29.1204,22.4742,21.8591,HOLD
2024-03-26,106.4677,103.5636,99.4208,104.6408,102.7352,59.8367,3.1137,1.9056,1.7277,0.1779,108.5604,103.5636,98.5668,75.0255,65.8541,31.6909,21.2968,21.6989,HOLD
2024-03-27,102.1253,103.8064,99.4923,104.2538,102.69,49.2347,3.3511,1.5638,1.695,-0.1312,107.9564,103.8064,99.6564,27.3137,56.1107,27.3424,30.4902,20.5378,HOLD
2024-03-28,100.9076,103.7907,99.5246,103.739,102.558,46.7341,3.3771,1.181,1.5922,-0.4111,107.9819,103.7907,99.5994,16.0304,39.4566,25.1939,29.4014,19.6213,HOLD
2024-03-29,100.4608,103.6971,99.4775,103.2347,102.4026,45.8147,3.301,0.832,1.4401,-0.6081,108.093,103.6971,99.3012,16.0883,19.8108,23.934,29.0972,18.9152,HOLD
2024-04-01,101.6352,103.7603,99.465,102.9886,102.3458,48.6731,3.2136,0.6428,1.2807,-0.6379,107.9965,103.7603,99.5241,27.9901,20.0363,25.8373,27.7539,17.8195,HOLD
2024-04-02,102.395,103.8661,99.4953,102.8973,102.3494,50.4928,3.303,0.5478,1.1341,-0.5863,107.8473,103.8661,99.8849,35.6903,26.5896,27.7989,25.0732,16.9149,HOLD
2024-04-03,102.2007,103.7261,99.5159,102.7901,102.3384,50.0046,3.2573,0.4517,0.9976,-0.5459,107.7346,103.7261,99.7175,33.7211,32.4672,26.1759,23.6094,16.075,HOLD
2024-04-04,96.7525,103.2991,99.4583,101.8612,101.9246,38.7039,3.4978,-0.0634,0.7854,-0.8488,108.2564,103.2991,98.3418,8.9395,26.117,22.6346,31.2638,16.0703,HOLD
2024-04-05,96.7005,102.9159,99.4144,101.0673,101.5377,38.6142,3.654,-0.4704,0.5343,-1.0046,108.614,102.9159,97.2178,18.9621,20.5409,20.1199,31.0987,16.4535,HOLD
2024-04-08,96.8794,102.5751,99.3746,100.423,101.1926,39.1368,3.6862,-0.7696,0.2735,-1.0431,108.8337,102.5751,96.3165,20.1662,16.0226,18.5191,28.6245,16.8094,HOLD
2024-04-09,103.3968,102.5039,99.5198,100.8805,101.3559,54.3755,3.9334,-0.4754,0.1237,-0.5991,108.6906,102.5039,96.3171,67.7317,35.62,24.5372,24.9095,15.6625,HOLD
2024-04-10,102.8802,102.5327,99.6126,101.1881,101.4688,53.2377,3.8001,-0.2806,0.0428,-0.3235,108.7208,102.5327,96.3445,64.0538,50.6506,23.5837,25.0999,14.7662,HOLD
2024-04-11,103.7307,102.6798,99.7864,101.5793,101.6363,54.9105,3.7252,-0.057,0.0229,-0.0799,108.8349,102.6798,96.5247,70.1089,67.2982,23.7162,23.7757,13.7204,HOLD
2024-04-12,106.8934,102.8466,100.0912,102.3969,102.0257,60.5606,3.7256,0.3711,0.0925,0.2786,109.2631,102.8466,96.4302,92.6257,75.5961,26.7862,22.0756,13.429,BUY
2024-04-15,109.0244,103.0685,100.4287,103.4165,102.5442,63.8478,3.9049,0.8723,0.2485,0.6238,109.9968,103.0685,96.1402,83.8759,82.2035,31.9163,19.5575,14.1848,HOLD
2024-04-16,113.0202,103.4742,100.8086,104.894,103.3202,69.0559,4.0449,1.5738,0.5135,1.0603,111.6273,103.4742,95.321,91.1012,89.2009,33.8278,17.5319,15.4379,HOLD
2024-04-17,108.9687,103.5261,101.0984,105.5209,103.7386,59.6696,4.1192,1.7823,0.7673,1.015,111.8044,103.5261,95.2478,71.8142,82.2638,30.8444,21.3117,15.6408,HOLD
2024-04-18,106.2448,103.5525,101.3396,105.6322,103.9242,54.3235,4.0898,1.708,0.9554,0.7526,111.8619,103.5525,95.2431,58.8471,73.9208,28.8476,24.5986,15.0914,HOLD
2024-04-19,104.7525,103.5541,101.5667,105.4969,103.9856,51.596,3.9701,1.5113,1.0666,0.4447,111.8644,103.5541,95.2438,51.743,60.8014,27.5942,26.1067,14.2113,HOLD
2024-04-22,100.7343,103.3085,101.7375,104.7642,103.7447,45.0389,4.0966,1.0194,1.0572,-0.0377,111.6473,103.3085,94.9697,32.6145,47.7349,24.8326,31.8932,14.0853,SELL
2024-04-23,100.9241,103.0314,101.8565,104.1734,103.5358,45.3919,4.0454,0.6376,0.9733,-0.3357,111.2999,103.0314,94.7628,33.518,39.2919,23.3506,30.6415,14.0437,HOLD
2024-04-24,98.6919,102.8597,101.913,103.3301,103.177,41.977,4.088,0.1531,0.8092,-0.6561,111.3363,102.8597,94.3831,22.8917,29.6747,21.4566,32.0582,14.4557,HOLD
2024-04-25,102.3782,102.9332,102.0642,103.1836,103.1178,48.8242,4.1071,0.0658,0.6605,-0.5947,111.3662,102.9332,94.5002,36.1886,30.8661,23.3002,29.63,14.2773,HOLD
2024-04-26,100.5011,102.9352,102.2148,102.7709,102.924,45.8566,4.0103,-0.153,0.4978,-0.6509,111.3659,102.9352,94.5046,22.1369,27.0724,22.1581,30.9896,14.4444,HOLD
2024-04-29,99.7654,102.8417,102.3174,102.3086,102.69,44.7097,3.9626,-0.3815,0.322,-0.7034,111.3689,102.8417,94.3146,18.1556,25.4937,20.8231,32.803,15.0084,HOLD
2024-04-30,101.6546,102.8047,102.4006,102.2079,102.6133,48.2867,3.8835,-0.4054,0.1765,-0.5819,111.3458,102.8047,94.2637,28.3791,22.8905,22.845,31.0804,15.0272,HOLD
2024-05-01,98.8326,102.6363,102.3738,101.6887,102.3333,43.7351,3.9969,-0.6446,0.0123,-0.6569,111.3494,102.6363,93.9232,14.1613,20.232,20.6114,36.0077,15.8962,HOLD
2024-05-02,95.2945,102.5634,102.3255,100.7049,101.8119,38.7972,4.0334,-1.1069,-0.2116,-0.8954,111.4939,102.5634,93.6329,4.7205,15.7536,18.9656,36.4262,17.0123,HOLD
2024-05-03,95.7015,102.5135,102.3029,99.9352,101.3593,39.6415,3.9379,-1.4241,-0.4541,-0.97,111.5846,102.5135,93.4423,6.6995,8.5271,18.842,34.6452,17.9075,HOLD
2024-05-06,96.2609,102.4825,102.3187,99.3699,100.9816,40.8492,3.8796,-1.6117,-0.6856,-0.9261,111.6342,102.4825,93.3309,12.9197,8.1132,17.7588,33.6433,18.8357,HOLD
2024-05-07,97.8911,102.2073,102.3774,99.1424,100.7527,44.344,3.8729,-1.6103,-0.8705,-0.7397,111.5613,102.2073,92.8532,28.7343,16.1178,20.6676,31.2949,18.9512,HOLD
2024-05-08,98.9871,102.0126,102.4118,99.1185,100.6219,46.6272,3.7794,-1.5034,-0.9971,-0.5063,111.4641,102.0126,92.5611,40.2526,27.3022,21.1828,29.7785,18.8023,HOLD
2024-05-09,99.6162,101.8069,102.3797,99.1951,100.5474,47.9472,3.7843,-1.3523,-1.0681,-0.2842,111.2789,101.8069,92.3348,61.5222,43.503,22.0651,27.6153,18.2573,HOLD
2024-05-10,98.2523,101.3748,102.2981,99.05,100.3774,45.3298,3.6876,-1.3274,-1.12,-0.2074,110.666,101.3748,92.0837,46.2255,49.3334,21.0261,27.388,17.8918,HOLD
2024-05-13,98.7293,100.8601,102.2652,99.0007,100.2553,46.4312,3.573,-1.2546,-1.1469,-0.1077,109.5181,100.8601,92.202,51.5752,53.1076,21.6165,26.2475,17.3049,HOLD
2024-05-14,99.3194,100.175,102.246,99.0497,100.186,47.8314,3.5304,-1.1363,-1.1448,0.0085,106.8072,100.175,93.5429,58.1934,51.998,22.7087,24.6672,16.3641,HOLD
2024-05-15,97.9605,99.6246,102.1052,98.8821,100.0211,44.9195,3.5003,-1.139,-1.1436,0.0046,104.9433,99.6246,94.3059,45.1106,51.6264,21.268,27.298,16.0821,HOLD
2024-05-16,101.4668,99.3857,102.0287,99.2798,100.1282,52.889,3.5863,-0.8484,-1.0846,0.2362,103.8549,99.3857,94.9165,85.9642,63.0894,26.2161,24.7404,15.1403,HOLD
2024-05-17,102.3871,99.2674,101.9892,99.7578,100.2955,54.74,3.5669,-0.5377,-0.9752,0.4375,103.2623,99.2674,95.2725,78.4143,69.8297,28.4714,23.098,14.8031,HOLD
2024-05-20,100.5674,99.2591,101.9266,99.8824,100.3157,50.5138,3.5412,-0.4333,-0.8668,0.4335,103.2424,99.2591,95.2758,61.1319,75.1701,26.6293,25.9713,13.8351,HOLD
2024-05-21,102.018,99.3138,101.8705,100.2109,100.4418,53.5898,3.4825,-0.2308,-0.7396,0.5088,103.4153,99.3138,95.2123,74.9088,71.485,28.6119,24.5226,13.3966,HOLD
2024-05-22,103.7826,99.5683,101.9001,100.7604,100.6892,57.0845,3.6579,0.0712,-0.5775,0.6486,104.0938,99.5683,95.0428,75.1495,70.3967,32.4949,21.6794,13.8657,HOLD
2024-05-23,104.5485,99.6768,101.9753,101.3432,100.9751,58.5436,3.6152,0.3681,-0.3884,0.7564,104.5568,99.6768,94.7969,81.1128,77.057,30.5301,20.3686,14.3013,HOLD
2024-05-24,104.1276,99.8582,101.9867,101.7716,101.2086,57.3888,3.5108,0.5629,-0.1981,0.761,105.103,99.8582,94.6133,74.7104,76.9909,29.1926,19.4763,14.7058,HOLD
2024-05-27,102.8268,100.0112,101.9515,101.9339,101.3285,53.8534,3.4104,0.6054,-0.0374,0.6428,105.4127,100.0112,94.6098,61.4684,72.4305,27.9054,21.1294,14.6424,HOLD
2024-05-28,102.7138,100.0642,101.9077,102.0539,101.4311,53.5448,3.4188,0.6228,0.0946,0.5281,105.5492,100.0642,94.5792,60.4186,65.5325,25.8482,22.3947,14.1079,HOLD
2024-05-29,103.2983,100.2875,101.815,102.2453,101.5694,54.9818,3.3735,0.6759,0.2109,0.465,105.9155,100.2875,94.6595,65.8488,62.5786,24.5121,21.0746,13.6388,HOLD
2024-05-30,103.3371,100.6896,101.7674,102.4133,101.7004,55.0811,3.3558,0.7129,0.3113,0.4016,105.9718,100.6896,95.4074,66.2093,64.1589,24.2172,19.6724,13.4042,HOLD
2024-05-31,105.6936,101.1892,101.7869,102.918,101.9962,60.7461,3.4744,0.9218,0.4334,0.4884,106.3791,101.1892,95.9993,82.3116,71.4566,27.5082,17.6439,14.0073,HOLD
2024-06-03,106.7213,101.7122,101.8084,103.5031,102.3462,62.9411,3.6038,1.1569,0.5781,0.5788,106.9184,101.7122,96.5061,79.8725,76.1311,27.8734,15.7951,14.9824,HOLD
2024-06-04,105.3676,102.0861,101.7864,103.7899,102.57,58.3153,3.5228,1.22,0.7065,0.5135,107.2141,102.0861,96.958,60.7961,74.3267,26.4773,15.004,15.8879,HOLD
2024-06-05,103.7255,102.323,101.8184,103.78,102.6556,53.207,3.4971,1.1245,0.7901,0.3344,107.2918,102.323,97.3542,44.6102,61.7596,24.7671,17.6836,15.9449,HOLD
2024-06-06,104.4635,102.5654,101.8895,103.8852,102.7895,55.1102,3.3652,1.0957,0.8512,0.2445,107.4547,102.5654,97.676,51.8522,52.4195,23.8992,17.0639,15.9979,HOLD
2024-06-07,104.1493,102.8602,101.9633,103.9258,102.8902,54.1013,3.28,1.0356,0.8881,0.1475,107.3701,102.8602,98.3503,39.9837,45.482,22.7689,17.5966,15.7704,HOLD
2024-06-10,105.1974,103.1836,102.0345,104.1214,103.0611,56.9336,3.2757,1.0603,0.9225,0.1378,107.3789,103.1836,98.9884,52.0325,47.9561,23.4513,16.3609,15.9161,HOLD
2024-06-11,105.8912,103.5122,102.1045,104.3937,103.2708,58.7482,3.259,1.123,0.9626,0.1603,107.4679,103.5122,99.5564,60.0083,50.6748,23.0091,15.2703,16.2232,HOLD
2024-06-12,105.8036,103.9043,102.1765,104.6106,103.4584,58.4136,3.2918,1.1522,1.0005,0.1517,107.0537,103.9043,100.755,59.0012,57.014,22.7766,14.0384,16.7598,HOLD
2024-06-13,104.6431,104.0632,102.3343,104.6156,103.5461,54.0229,3.1904,1.0695,1.0143,0.0552,107.0193,104.0632,101.107,45.6603,54.8899,21.8216,13.7222,17.1903,HOLD
2024-06-14,102.6155,104.0746,102.4526,104.3079,103.4772,47.3291,3.2461,0.8307,0.9776,-0.1469,107.0064,104.0746,101.1428,22.3514,42.3376,19.9154,19.6914,16.0029,HOLD
2024-06-17,102.9077,104.1916,102.5732,104.0925,103.435,48.3229,3.1214,0.6575,0.9136,-0.2561,106.7121,104.1916,101.6711,25.6916,31.2344,19.2316,19.0152,14.9002,HOLD
2024-06-18,101.3278,104.1571,102.5318,103.6672,103.2789,43.5396,3.2136,0.3882,0.8085,-0.4203,106.811,104.1571,101.5031,20.5638,22.8689,17.3454,23.1647,14.862,HOLD
2024-06-19,100.247,103.9803,102.4792,103.141,103.0543,40.5803,3.1354,0.0866,0.6641,-0.5775,107.1344,103.9803,100.8262,9.8883,18.7146,16.508,22.0462,14.8265,HOLD
2024-06-20,105.4574,104.0258,102.5137,103.4973,103.2323,56.0787,3.3941,0.265,0.5843,-0.3193,107.2369,104.0258,100.8146,61.3536,30.6019,25.3666,18.9117,14.8087,HOLD
2024-06-21,104.4048,104.0396,102.4639,103.637,103.3192,53.0674,3.2661,0.3178,0.531,-0.2132,107.2548,104.0396,100.8244,60.5185,43.9201,24.4773,18.6931,14.708,HOLD
2024-06-24,103.1706,104.0568,102.3468,103.5652,103.3082,49.6976,3.2816,0.257,0.4762,-0.2192,107.2495,104.0568,100.8641,46.0402,55.9708,22.6217,22.2134,13.7225,HOLD
2024-06-25,103.6776,104.105,102.16,103.5825,103.3355,51.0721,3.2955,0.247,0.4304,-0.1834,107.2438,104.105,100.9662,51.9878,52.8488,21.5737,20.5395,12.9177,HOLD
2024-06-26,102.8377,104.082,102.0374,103.4679,103.2987,48.6981,3.1748,0.1692,0.3781,-0.2089,107.2507,104.082,100.9132,42.135,46.721,20.7947,19.7979,12.1704,HOLD
2024-06-27,101.0743,103.9688,101.934,103.0997,103.1339,44.0668,3.1679,-0.0342,0.2957,-0.3299,107.3876,103.9688,100.5501,21.4488,38.5239,19.3511,24.12,12.0847,HOLD
2024-06-28,100.519,103.7101,101.8493,102.7026,102.9402,42.69,3.1288,-0.2376,0.189,-0.4266,107.344,103.7101,100.0762,18.3162,27.3,18.1934,24.6533,12.2984,HOLD
2024-07-01,99.924,103.3702,101.8331,102.2752,102.7168,41.2044,3.1903,-0.4416,0.0629,-0.5045,107.0847,103.3702,99.6558,19.2342,19.6664,16.5684,24.3267,12.775,HOLD
2024-07-02,99.7977,103.0917,101.8106,101.894,102.5006,40.8792,3.2129,-0.6065,-0.071,-0.5355,106.9958,103.0917,99.1877,19.4725,19.0076,15.2766,22.4299,13.2176,HOLD
2024-07-03,98.158,102.8134,101.7999,101.3192,102.1789,36.8168,3.2608,-0.8596,-0.2287,-0.6309,107.254,102.8134,98.3727,20.2293,19.6453,13.9773,25.4792,14.3557,HOLD
2024-07-04,100.226,102.6015,101.7568,101.151,102.0342,44.3308,3.3456,-0.8832,-0.3596,-0.5236,107.1108,102.6015,98.0921,38.8802,26.194,18.9722,23.0594,14.0249,HOLD
2024-07-05,100.3913,102.4136,101.7546,101.0342,101.9125,44.8949,3.4203,-0.8784,-0.4634,-0.415,106.9623,102.4136,97.8649,40.371,33.1602,17.2321,23.9985,14.1953,HOLD
2024-07-08,100.5459,102.181,101.7702,100.959,101.8113,45.4516,3.35,-0.8522,-0.5411,-0.3111,106.6107,102.181,97.7513,41.7653,40.3389,16.3372,22.7522,14.3536,HOLD
2024-07-09,100.9189,101.9324,101.7555,100.9529,101.7452,46.8469,3.2483,-0.7923,-0.5914,-0.2009,106.0483,101.9324,97.8165,45.1294,42.4219,15.6454,21.7887,14.5005,HOLD
2024-07-10,98.9992,101.5922,101.7589,100.6523,101.5418,41.0299,3.3377,-0.8895,-0.651,-0.2385,105.491,101.5922,97.6933,32.6136,39.8361,14.1388,26.7942,15.6732,HOLD
2024-07-11,100.2179,101.3709,101.8573,100.5855,101.4437,45.6443,3.2275,-0.8582,-0.6924,-0.1658,105.048,101.3709,97.6938,45.5006,41.0812,14.8914,25.7297,16.4595,HOLD
2024-07-12,100.0729,101.2438,101.9448,100.5066,101.3422,45.1912,3.1662,-0.8356,-0.7211,-0.1145,104.9158,101.2438,97.5718,43.9673,40.6938,14.0953,26.345,17.4474,HOLD
2024-07-15,99.3115,101.064,102.0058,100.3228,101.1918,42.7892,3.0284,-0.869,-0.7507,-0.1183,104.7446,101.064,97.3833,42.5888,44.0189,13.6843,25.5769,18.3648,HOLD
2024-07-16,99.738,100.9845,102.0427,100.2328,101.0841,44.5666,3.1381,-0.8513,-0.7708,-0.0805,104.7074,100.9845,97.2616,57.1347,47.897,17.5675,22.9196,17.9973,HOLD
2024-07-17,98.4397,100.8941,102.0318,99.9569,100.8882,40.4472,3.0561,-0.9313,-0.8029,-0.1284,104.7689,100.8941,97.0194,37.7316,45.8184,16.7501,21.8532,17.656,HOLD
2024-07-18,96.4856,100.4455,101.9692,99.4229,100.5621,35.177,3.0179,-1.1392,-0.8701,-0.2691,104.1779,100.4455,96.7131,8.5276,34.4647,15.7505,24.8784,17.9996,HOLD
2024-07-19,98.2122,100.1359,101.9683,99.2366,100.388,42.3276,3.0014,-1.1514,-0.9264,-0.225,103.5137,100.1359,96.7581,34.3317,26.8636,20.4095,23.2288,17.1754,HOLD
2024-07-22,97.5494,99.8548,101.9448,98.977,100.1777,40.4815,2.9686,-1.2007,-0.9813,-0.2194,103.1091,99.8548,96.6006,24.4261,22.4285,19.1611,24.9468,16.8855,HOLD
2024-07-23,96.0322,99.4726,101.879,98.524,99.8707,36.5517,2.9091,-1.3467,-1.0543,-0.2923,102.6357,99.4726,96.3095,8.6005,22.4528,18.1563,25.7998,16.9215,HOLD
2024-07-24,95.703,99.1158,101.8339,98.09,99.5619,35.7409,2.9641,-1.472,-1.1379,-0.3341,102.2897,99.1158,95.942,26.7752,19.9339,16.5466,28.5525,17.6143,HOLD
2024-07-25,95.8858,98.8564,101.7222,97.7509,99.2896,36.5821,3.0078,-1.5388,-1.218,-0.3207,102.1916,98.8564,95.5212,28.8309,21.4022,15.6816,26.1273,18.1408,HOLD
2024-07-26,96.4569,98.6533,101.6036,97.5518,99.0798,39.2574,3.0236,-1.528,-1.28,-0.248,102.0529,98.6533,95.2537,35.2534,30.2865,16.1192,24.1346,18.2673,HOLD
2024-07-29,98.1081,98.5625,101.5544,97.6374,99.0078,46.3096,2.9841,-1.3704,-1.2981,-0.0723,101.9182,98.5625,95.2068,53.8225,39.3022,17.577,22.7073,17.8722,HOLD
2024-07-30,97.6381,98.4545,101.4669,97.6375,98.9064,44.7182,2.9199,-1.2689,-1.2923,0.0234,101.7832,98.4545,95.1259,48.5369,45.8709,16.6804,22.8514,17.7106,HOLD
2024-07-31,96.9426,98.3938,101.33,97.5306,98.7609,42.3963,3.0194,-1.2303,-1.2799,0.0496,101.7856,98.3938,95.0019,40.7155,47.6916,14.9786,27.6155,18.5647,HOLD
2024-08-01,96.6734,98.2161,101.1725,97.3987,98.6063,41.4981,3.0664,-1.2076,-1.2654,0.0579,101.5775,98.2161,94.8547,37.6881,42.3135,14.2123,25.2497,19.2365,HOLD
2024-08-02,96.1046,98.0018,101.0121,97.1996,98.421,39.5897,3.0293,-1.2213,-1.2566,0.0353,101.3276,98.0018,94.676,31.2915,36.565,13.3588,23.7334,19.8603,HOLD
2024-08-05,97.2518,97.8371,100.9006,97.2077,98.3344,45.0759,3.0366,-1.1267,-1.2306,0.1039,100.9628,97.8371,94.7113,66.0509,45.0102,15.0799,21.9852,19.7725,HOLD
2024-08-06,96.9052,97.6364,100.7844,97.1611,98.2285,43.7822,2.9538,-1.0674,-1.198,0.1306,100.4441,97.6364,94.8287,60.2252,52.5225,14.3954,20.9874,19.6909,HOLD
2024-08-07,97.4732,97.5601,100.6679,97.2091,98.1725,46.4924,2.8501,-0.9634,-1.1511,0.1876,100.2976,97.5601,94.8226,69.7722,65.3495,14.9965,20.1969,19.3399,HOLD
2024-08-08,100.9918,97.5988,100.621,97.7911,98.3814,59.5136,3.0264,-0.5903,-1.0389,0.4486,100.5023,97.5988,94.6953,80.9937,70.3304,23.749,17.6617,19.0084,HOLD
2024-08-09,101.0892,97.6496,100.5289,98.2985,98.582,59.8052,2.9677,-0.2835,-0.8878,0.6043,100.7532,97.6496,94.546,82.0223,77.5961,22.4894,16.725,18.7007,HOLD
2024-08-12,101.4946,97.7588,100.4244,98.7902,98.7977,61.0622,2.9248,-0.0075,-0.7118,0.7042,101.2213,97.7588,94.2962,86.3034,83.1065,21.4225,15.7582,18.4531,HOLD
2024-08-13,102.6089,97.9023,100.3692,99.3777,99.08,64.3613,3.078,0.2977,-0.5099,0.8075,101.8808,97.9023,93.9239,79.3867,82.5708,24.3671,13.9041,19.0878,HOLD
2024-08-14,101.3268,98.0467,100.3212,99.6776,99.2465,58.2462,3.0214,0.4311,-0.3217,0.7528,102.2931,98.0467,93.8002,67.3458,77.6786,23.0505,13.1529,19.6772,HOLD
2024-08-15,101.5788,98.3013,100.2635,99.9701,99.4192,59.0694,2.9121,0.5508,-0.1472,0.698,102.7489,98.3013,93.8538,69.6266,72.1197,23.8844,12.6719,20.4625,HOLD
2024-08-16,103.0187,98.5417,100.2409,100.4391,99.6858,63.4977,2.8844,0.7532,0.0329,0.7203,103.4405,98.5417,93.6428,82.6592,73.2105,26.3641,11.8797,21.7062,HOLD
2024-08-19,103.6011,98.8442,100.209,100.9255,99.9759,65.1404,2.8591,0.9497,0.2163,0.7334,104.188,98.8442,93.5005,87.9305,80.0721,26.4716,11.1285,23.0705,HOLD
2024-08-20,102.4136,99.1633,100.1395,101.1545,100.1564,59.282,2.8038,0.998,0.3726,0.6254,104.5591,99.1633,93.7675,75.2639,81.9512,25.0663,12.4874,23.8151,HOLD
2024-08-21,101.4656,99.4514,100.0527,101.2023,100.2534,55.0274,2.8159,0.9489,0.4879,0.461,104.6905,99.4514,94.2124,65.8905,76.3617,23.1757,16.3743,23.3424,HOLD
2024-08-22,99.3576,99.625,99.947,100.9185,100.1871,46.9571,2.9593,0.7315,0.5366,0.1949,104.6036,99.625,94.6464,41.9347,61.0297,20.4771,21.6418,21.8726,HOLD
2024-08-23,100.8722,99.8458,99.9121,100.9114,100.2378,52.363,3.1119,0.6736,0.564,0.1096,104.6307,99.8458,95.0609,54.7723,54.1992,22.1159,19.111,20.8309,HOLD
2024-08-26,99.2845,99.9046,99.8397,100.6611,100.1672,46.9601,3.0753,0.4939,0.55,-0.0561,104.6312,99.9046,95.178,31.8707,42.8592,20.7803,17.9569,19.8636,SELL
2024-08-27,101.0891,100.0772,99.8349,100.727,100.2355,52.9078,3.1328,0.4915,0.5383,-0.0468,104.7112,100.0772,95.4431,53.6307,46.7579,24.8769,16.3682,19.9183,HOLD
2024-08-28,99.5555,100.2078,99.821,100.5467,100.1851,47.9834,3.1492,0.3616,0.5029,-0.1413,104.6232,100.2078,95.7924,35.1384,40.2133,22.9794,17.2973,19.5033,HOLD
2024-08-29,101.5007,100.4492,99.7419,100.6935,100.2826,53.8506,3.2335,0.4109,0.4845,-0.0736,104.5842,100.4492,96.3141,58.5938,49.121,28.0478,15.6433,20.1381,HOLD
2024-08-30,102.1802,100.753,99.6974,100.9222,100.4231,55.7292,3.0996,0.4991,0.4875,0.0116,104.4345,100.753,97.0714,66.7872,53.5065,27.1694,15.1534,20.7276,BUY
2024-09-02,102.0499,100.9929,99.675,101.0957,100.5436,55.2646,3.1505,0.5521,0.5004,0.0517,104.3407,100.9929,97.645,66.1817,63.8542,24.8209,17.7542,20.4327,HOLD
2024-09-03,105.0303,101.3991,99.7021,101.701,100.876,62.8857,3.2546,0.8251,0.5653,0.2597,104.6343,101.3991,98.1639,83.7533,72.2408,29.0047,15.9588,21.0456,HOLD
2024-09-04,107.8511,101.918,99.8023,102.6472,101.3927,68.3767,3.2713,1.2545,0.7032,0.5514,105.7432,101.918,98.0928,94.3784,81.4378,30.8592,14.7432,22.0667,HOLD
2024-09-05,108.7058,102.3037,99.955,103.5793,101.9344,69.8331,3.1552,1.6449,0.8915,0.7534,107.1079,102.3037,97.4995,93.8484,90.66,31.9233,14.194,23.2365,HOLD
2024-09-06,105.9453,102.5465,100.0635,103.9433,102.2315,60.1913,3.1649,1.7118,1.0556,0.6562,107.5667,102.5465,97.5264,72.3746,86.8671,29.5517,18.971,23.1343,HOLD
2024-09-09,107.304,102.837,100.2111,104.4603,102.6072,62.906,3.2714,1.8531,1.2151,0.638,108.2379,102.837,97.4361,81.3585,82.5272,32.9004,17.0425,23.7498,HOLD
2024-09-10,105.243,102.9687,100.32,104.5807,102.8025,56.6008,3.3999,1.7783,1.3277,0.4506,108.4685,102.9687,97.4689,65.6325,73.1219,29.3956,20.0055,23.4111,HOLD
2024-09-11,106.4007,103.2224,100.4848,104.8607,103.069,59.0818,3.323,1.7917,1.4205,0.3712,108.8622,103.2224,97.5826,72.1618,73.0509,27.928,19.0067,23.0966,HOLD
2024-09-12,102.1089,103.2489,100.5225,104.4374,102.9979,48.1031,3.4329,1.4395,1.4243,0.0152,108.8624,103.2489,97.6353,36.459,58.0844,25.1028,24.1179,21.5898,HOLD
2024-09-13,101.0043,103.1482,100.5348,103.9092,102.8502,45.747,3.4486,1.059,1.3513,-0.2923,108.8463,103.1482,97.4501,27.27,45.2969,23.2039,27.7252,20.6818,HOLD
2024-09-16,100.4363,102.9899,100.5326,103.3749,102.6714,44.5389,3.5827,0.7035,1.2217,-0.5182,108.8035,102.9899,97.1763,22.5449,28.758,22.5698,24.7807,19.538,HOLD
2024-09-17,99.6476,102.8516,100.5071,102.8015,102.4474,42.8469,3.5013,0.3541,1.0482,-0.6941,108.8424,102.8516,96.8609,12.8429,20.8859,21.4452,23.546,18.476,HOLD
2024-09-18,101.5163,102.8542,100.5575,102.6038,102.3784,47.8974,3.5434,0.2253,0.8836,-0.6583,108.8426,102.8542,96.8657,28.9695,21.4524,24.7746,21.604,17.6446,HOLD
2024-09-19,98.8474,102.8287,100.5301,102.0259,102.1169,42.1663,3.5244,-0.091,0.6887,-0.7797,108.8805,102.8287,96.7768,5.9373,15.9166,23.1293,24.6208,16.6073,HOLD
2024-09-20,92.2402,102.3971,100.3734,100.5204,101.3853,31.9682,3.8313,-0.8649,0.378,-1.2429,109.9824,102.3971,94.8117,6.4802,13.7957,19.757,34.4773,17.3598,HOLD
2024-09-23,94.3194,102.1488,100.2736,99.5664,100.8619,37.1219,3.898,-1.2955,0.0433,-1.3388,110.4194,102.1488,93.8782,17.5871,10.0015,23.4651,31.4662,17.1602,HOLD
2024-09-24,98.4521,102.017,100.2479,99.3949,100.6834,45.8951,4.0261,-1.2884,-0.2231,-1.0654,110.4337,102.017,93.6002,39.6635,21.2436,27.7432,28.2892,16.0041,HOLD
2024-09-25,97.737,101.926,100.2338,99.1399,100.4651,44.7321,3.9251,-1.3252,-0.4435,-0.8817,110.4853,101.926,93.3668,35.8435,31.0313,26.4248,27.47,14.9995,HOLD
2024-09-26,98.2402,101.763,100.2689,99.0015,100.3003,45.7735,3.8461,-1.2988,-0.6146,-0.6843,110.4713,101.763,93.0547,38.5315,38.0128,26.1379,26.0313,13.9427,HOLD
2024-09-27,98.9126,101.5996,100.2829,98.9878,100.1975,47.205,3.7188,-1.2097,-0.7336,-0.4761,110.3927,101.5996,92.8065,46.7696,40.3815,25.3046,24.9998,12.99,HOLD
2024-09-30,102.5158,101.6229,100.3822,99.5306,100.3692,54.1847,3.772,-0.8387,-0.7546,-0.0841,110.4231,101.6229,92.8227,70.8523,52.0511,29.7064,22.8862,12.9885,HOLD
2024-10-01,104.5204,101.5974,100.552,100.2982,100.6767,57.5473,3.6982,-0.3785,-0.6794,0.3009,110.3609,101.5974,92.834,94.8396,70.8205,31.7606,21.6756,13.4088,BUY
2024-10-02,105.6711,101.4884,100.7514,101.1248,101.0467,59.3898,3.7201,0.0781,-0.5279,0.606,109.9883,101.4884,92.9885,87.3221,84.338,34.201,20.0092,14.321,HOLD
2024-10-03,102.1883,101.1625,100.8774,101.2884,101.1313,52.0293,3.8081,0.1572,-0.3909,0.5481,109.0049,101.1625,93.3202,66.5542,82.9053,31.0238,23.9182,14.2218,HOLD
2024-10-04,101.2675,100.9287,100.9736,101.2852,101.1413,50.2559,3.6746,0.1439,-0.2839,0.4278,108.4593,100.9287,93.398,61.0634,71.6466,29.8546,23.9282,13.9931,HOLD
2024-10-07,101.3577,100.6313,101.0386,101.2964,101.1574,50.4341,3.5079,0.139,-0.1993,0.3383,107.5787,100.6313,93.684,61.6013,63.073,30.1633,23.2749,13.9143,HOLD
2024-10-08,98.5121,100.2948,101.0561,100.868,100.9614,44.9612,3.5807,-0.0934,-0.1782,0.0847,106.9624,100.2948,93.6272,44.633,55.7659,27.4396,29.4223,13.1695,HOLD
2024-10-09,99.1837,99.9339,101.1009,100.6089,100.8297,46.4385,3.5836,-0.2209,-0.1867,-0.0342,105.9942,99.9339,93.8737,48.6378,51.624,28.9318,27.2986,12.4363,SELL
2024-10-10,98.716,99.7643,101.1418,100.3177,100.6732,45.5221,3.4521,-0.3555,-0.2205,-0.135,105.7612,99.7643,93.7674,44.2861,45.8523,27.8885,26.3142,11.7554,HOLD
2024-10-11,98.3016,99.6292,101.1857,100.0075,100.4975,44.6809,3.3858,-0.49,-0.2744,-0.2156,105.63,99.6292,93.6284,15.0783,36.0007,26.4034,27.3787,11.0453,HOLD
2024-10-14,102.8479,99.7497,101.2976,100.4445,100.6716,54.5948,3.5021,-0.2271,-0.2649,0.0378,105.9055,99.7497,93.594,55.7371,38.3672,31.7914,24.5789,11.1702,BUY
2024-10-15,100.7768,99.8062,101.3751,100.4956,100.6794,50.1826,3.4573,-0.1838,-0.2487,0.0649,105.9779,99.8062,93.6345,36.0112,35.6089,29.9031,27.53,10.6675,HOLD
2024-10-16,97.7473,99.6178,101.3806,100.0728,100.4622,44.5155,3.4757,-0.3894,-0.2768,-0.1126,105.7992,99.6178,93.4363,8.3983,33.3822,27.6204,31.4105,10.3642,SELL
2024-10-17,101.3696,99.7439,101.3881,100.2723,100.5294,51.5595,3.5371,-0.2571,-0.2729,0.0158,105.9601,99.7439,93.5276,41.4144,28.608,32.4525,28.66,10.0671,HOLD
2024-10-18,96.2951,99.9466,101.2922,99.6604,100.2158,43.2716,3.7245,-0.5553,-0.3294,-0.226,105.3868,99.9466,94.5065,8.6221,19.4783,28.6187,36.1441,10.178,SELL
2024-10-21,97.6841,100.1148,101.216,99.3564,100.0282,45.838,3.8358,-0.6719,-0.3979,-0.274,105.0314,100.1148,95.1983,19.759,23.2652,31.6933,32.5883,9.5505,HOLD
2024-10-22,99.57,100.1707,101.1552,99.3892,99.9943,49.1985,3.7869,-0.605,-0.4393,-0.1657,105.0356,100.1707,95.3059,53.8828,27.4213,30.4858,30.6513,8.8876,HOLD
2024-10-23,98.0858,100.1882,101.0904,99.1887,99.8529,46.7406,3.7276,-0.6642,-0.4843,-0.1799,105.0204,100.1882,95.356,35.6083,36.4167,28.7585,33.5062,8.7975,HOLD
2024-10-24,91.5417,99.8533,100.8897,98.0123,99.2373,37.7787,3.9582,-1.225,-0.6324,-0.5926,105.9438,99.8533,93.7627,3.381,30.9574,25.1485,39.1954,9.7284,HOLD
2024-10-25,94.9198,99.6536,100.7277,97.5365,98.9175,43.772,4.0269,-1.381,-0.7821,-0.5988,106.1055,99.6536,93.2018,31.1026,23.364,30.5903,35.7753,9.5916,HOLD
2024-10-28,94.1547,99.2356,100.5388,97.0162,98.5647,42.7672,3.8574,-1.5485,-0.9354,-0.613,105.9688,99.2356,92.5023,24.824,19.7692,29.6531,36.3124,9.6275,HOLD
2024-10-29,93.4393,98.6815,100.3593,96.4659,98.185,41.801,3.7088,-1.7191,-1.0921,-0.6269,105.4077,98.6815,91.9553,18.9532,24.9599,28.6385,36.4949,9.8014,HOLD
2024-10-30,93.151,98.0555,100.193,95.9559,97.8121,41.3951,3.5431,-1.8562,-1.2449,-0.6112,104.3817,98.0555,91.7293,16.5873,20.1215,27.8366,36.0134,10.0161,HOLD
2024-10-31,95.3445,97.7133,100.1127,95.8619,97.6293,45.714,3.4846,-1.7675,-1.3495,-0.418,103.8457,97.7133,91.5809,34.5878,23.3761,30.8523,34.0019,9.6475,HOLD
2024-11-01,92.4469,97.2723,99.9442,95.3365,97.2454,41.3762,3.5191,-1.909,-1.4614,-0.4476,103.5849,97.2723,90.9597,12.0251,21.0667,28.3675,38.1322,10.0073,HOLD
2024-11-04,95.2024,96.9645,99.8626,95.3159,97.0941,46.5686,3.5976,-1.7783,-1.5247,-0.2535,103.0463,96.9645,90.8827,37.1807,27.9312,32.3441,34.6366,9.5369,HOLD
2024-11-05,92.5441,96.6661,99.6917,94.8894,96.7571,42.6444,3.6845,-1.8676,-1.5933,-0.2743,102.9955,96.6661,90.3367,18.4318,22.5459,29.3256,37.4707,9.7267,HOLD
2024-11-06,92.2304,96.3184,99.5452,94.4804,96.4218,42.1926,3.6459,-1.9414,-1.6629,-0.2785,102.8181,96.3184,89.8188,17.6311,24.4145,27.5193,35.1627,9.9029,HOLD
2024-11-07,94.8228,96.1238,99.4116,94.533,96.3033,47.1739,3.6658,-1.7703,-1.6844,-0.0859,102.5574,96.1238,89.6902,42.4461,26.1697,29.1847,32.4731,9.5766,HOLD
2024-11-08,94.3688,95.9272,99.2554,94.5078,96.16,46.4195,3.509,-1.6523,-1.678,0.0257,102.3228,95.9272,89.5315,38.1003,32.7258,28.3109,31.5009,9.2735,HOLD
2024-11-11,90.6089,95.3152,99.0266,93.9079,95.7488,40.6253,3.7031,-1.8409,-1.7106,-0.1303,101.272,95.3152,89.3584,21.6539,34.0668,24.9109,37.8808,10.0865,SELL
2024-11-12,85.4994,94.5513,98.636,92.6143,94.9896,34.3503,3.9474,-2.3753,-1.8435,-0.5318,101.3671,94.5513,87.7356,14.8246,24.8596,21.7004,41.4237,11.5978,HOLD
2024-11-13,86.3965,93.9838,98.2069,91.6577,94.3531,36.2132,3.7945,-2.6954,-2.0139,-0.6815,101.4953,93.9838,86.4723,21.4319,19.3035,21.2911,40.0148,12.9509,HOLD
2024-11-14,88.2763,93.3291,97.7983,91.1375,93.903,40.052,3.6849,-2.7654,-2.1642,-0.6013,100.4223,93.3291,86.2359,35.277,23.8445,23.2718,38.261,13.7658,HOLD
2024-11-15,92.1277,93.1208,97.5219,91.2898,93.7715,47.0791,3.8162,-2.4816,-2.2277,-0.2539,100.0971,93.1208,86.1444,63.6433,40.1174,30.4887,34.3064,13.2034,HOLD
2024-11-18,91.9076,92.8319,97.214,91.3849,93.6334,46.7419,3.726,-2.2485,-2.2318,-0.0167,99.5002,92.8319,86.1637,62.0222,53.6475,28.9957,32.6265,12.6812,HOLD
2024-11-19,91.1157,92.4092,96.9314,91.3435,93.4469,45.4797,3.6607,-2.1034,-2.2062,0.1027,98.3472,92.4092,86.4713,56.1897,60.6184,27.4053,32.1174,12.3408,HOLD
2024-11-20,91.9021,92.1,96.6415,91.4294,93.3325,47.01,3.4839,-1.903,-2.1455,0.2425,97.437,92.1,86.763,61.9817,60.0645,26.7388,31.3362,12.0248,HOLD
2024-11-21,88.8656,91.9662,96.3766,91.035,93.0016,42.0967,3.5766,-1.9666,-2.1097,0.1431,97.4836,91.9662,86.4488,39.6173,52.5962,24.1854,36.6417,12.6286,HOLD
2024-11-22,89.5818,91.6993,96.1482,90.8114,92.7483,43.5942,3.48,-1.9369,-2.0752,0.1383,97.1353,91.6993,86.2634,48.11,49.903,24.1212,34.9692,13.0379,HOLD
2024-11-25,90.3126,91.5072,95.9457,90.7347,92.5678,45.1528,3.4412,-1.8332,-2.0268,0.1936,96.8533,91.5072,86.1611,53.8783,47.2019,24.0361,32.8374,13.212,HOLD
2024-11-26,90.0002,91.3353,95.7527,90.6217,92.3777,44.5856,3.4314,-1.756,-1.9726,0.2166,96.6428,91.3353,86.0277,51.4125,51.1336,23.2852,30.5793,13.2355,HOLD
2024-11-27,89.8324,91.1693,95.5191,90.5003,92.1891,44.264,3.4444,-1.6889,-1.9159,0.227,96.4469,91.1693,85.8918,55.6864,53.659,21.5402,29.1807,13.3661,HOLD
2024-11-28,93.8992,91.0971,95.4201,91.0232,92.3158,53.0952,3.6352,-1.2926,-1.7912,0.4986,96.1799,91.0971,86.0142,83.5555,63.5515,27.5602,25.6739,12.6645,HOLD
2024-11-29,94.7597,91.2127,95.4705,91.598,92.4968,54.7297,3.5909,-0.8988,-1.6127,0.7139,96.5137,91.2127,85.9117,90.4605,76.5675,25.9074,24.1342,12.013,HOLD
2024-12-02,93.8528,91.1452,95.4612,91.9449,92.5973,52.6474,3.5154,-0.6524,-1.4207,0.7683,96.2729,91.1452,86.0176,80.2309,84.749,24.5736,24.1581,11.2158,HOLD
2024-12-03,89.3476,90.9854,95.2791,91.5453,92.3565,43.7438,3.6702,-0.8112,-1.2988,0.4875,96.1279,90.9854,85.8429,25.2277,65.3064,21.856,29.3912,11.465,HOLD
2024-12-04,85.6811,90.6579,95.0379,90.6431,91.8621,38.097,3.7202,-1.2189,-1.2828,0.0639,96.2556,90.6579,85.0603,6.4158,37.2915,20.022,33.0559,12.4,HOLD
2024-12-05,87.0302,90.2683,94.8137,90.0873,91.5042,41.1094,3.6802,-1.4169,-1.3096,-0.1072,95.7354,90.2683,84.8012,18.7125,16.7853,23.1841,31.0285,12.5479,SELL
2024-12-06,84.8731,89.7935,94.533,89.2851,91.013,37.931,3.6128,-1.7278,-1.3933,-0.3346,95.4012,89.7935,84.1858,4.9754,10.0346,21.9296,31.7485,12.9582,HOLD
2024-12-09,84.0927,89.4677,94.1645,88.4863,90.5004,36.8219,3.6878,-2.0141,-1.5174,-0.4966,95.5823,89.4677,83.3531,14.9701,12.886,19.9492,33.3126,13.8248,HOLD
2024-12-10,84.3612,89.4108,93.7613,87.8517,90.0456,37.4991,3.6088,-2.1939,-1.6527,-0.5412,95.6911,89.4108,83.1306,16.8958,12.2805,18.9299,31.6106,14.6294,HOLD
2024-12-11,88.1931,89.5006,93.4117,87.9042,89.9084,46.339,3.7263,-2.0042,-1.723,-0.2812,95.656,89.5006,83.3453,44.3782,25.4147,23.8365,28.4268,14.2118,HOLD
2024-12-12,90.8277,89.6282,93.1845,88.354,89.9765,51.4259,3.689,-1.6225,-1.7029,0.0804,95.7826,89.6282,83.4739,63.2736,41.5159,25.8079,26.6631,13.3131,HOLD
2024-12-13,91.25,89.5843,92.9842,88.7995,90.0708,52.2079,3.5738,-1.2713,-1.6166,0.3453,95.679,89.5843,83.4897,66.3023,57.9847,27.1061,25.5566,12.5723,HOLD
2024-12-16,95.1757,89.7477,92.8605,89.7805,90.449,58.8419,3.7763,-0.6685,-1.427,0.7585,96.2447,89.7477,83.2507,84.1386,71.2382,33.4209,22.4587,13.0756,HOLD
2024-12-17,97.5697,90.0704,92.8417,90.9788,90.9764,62.2804,3.7108,0.0024,-1.1411,1.1435,97.3955,90.0704,82.7453,97.0991,82.5133,32.3058,21.2228,13.6205,HOLD
2024-12-18,92.7019,90.1104,92.7121,91.2439,91.1042,52.6488,3.8979,0.1397,-0.885,1.0246,97.4836,90.1104,82.7372,66.7309,82.6562,28.5583,28.6987,12.6651,HOLD
2024-12-19,96.5064,90.4925,92.6679,92.0535,91.5044,58.1024,4.0322,0.5491,-0.5981,1.1473,98.3444,90.4925,82.6405,88.0198,83.9499,33.3487,25.7611,12.6774,HOLD
2024-12-20,97.0362,90.8652,92.6426,92.8201,91.9142,58.8138,3.8178,0.9059,-0.2973,1.2032,99.2016,90.8652,82.5288,91.2357,81.9955,32.7054,25.2642,12.6887,HOLD
2024-12-23,91.0816,90.9036,92.4072,92.5526,91.8525,48.7873,4.0325,0.7001,-0.0978,0.798,99.2365,90.9036,82.5707,55.0917,78.1157,28.7529,33.4287,12.3195,HOLD
2024-12-24,93.5667,91.0819,92.263,92.7086,91.9795,52.432,3.9654,0.7292,0.0676,0.6616,99.4823,91.0819,82.6816,70.1761,72.1678,30.6982,31.5659,11.5391,HOLD
2024-12-25,94.4091,91.3108,92.1963,92.9702,92.1594,53.6365,3.8456,0.8108,0.2162,0.5946,99.8112,91.3108,82.8103,75.2894,66.8524,32.5132,30.2244,10.9755,HOLD
2024-12-26,94.3536,91.3335,92.056,93.1831,92.322,53.5403,3.9245,0.8611,0.3452,0.5159,99.8639,91.3335,82.8031,74.9525,73.4727,29.5841,31.6451,10.4319,HOLD
2024-12-27,96.3913,91.4151,92.0579,93.6766,92.6234,56.6167,3.9635,1.0532,0.4868,0.5664,100.1047,91.4151,82.7255,84.1441,78.1286,31.4203,29.0955,9.9612,HOLD
2024-12-30,96.3579,91.5403,92.0314,94.0891,92.9,56.5506,3.8027,1.1891,0.6273,0.5618,100.4367,91.5403,82.644,78.6839,79.2602,30.4097,28.1596,9.5241,HOLD
2024-12-31,97.3848,91.9422,91.9876,94.5962,93.2322,58.1677,3.6395,1.3639,0.7746,0.5893,101.1274,91.9422,82.757,83.2824,82.0368,30.7261,27.3207,9.2628,HOLD
2025-01-01,97.049,92.5106,91.9669,94.9735,93.515,57.4152,3.6608,1.4586,0.9114,0.5472,101.4801,92.5106,83.5411,77.3515,79.7726,28.3654,28.6023,8.6309,HOLD
2025-01-02,96.8395,93.0011,92.0729,95.2606,93.7612,56.9204,3.5013,1.4994,1.029,0.4704,101.7891,93.0011,84.213,74.9808,78.5382,27.5391,27.7691,8.0441,HOLD
2025-01-03,94.0378,93.4593,92.0552,95.0725,93.7817,50.6364,3.5124,1.2908,1.0813,0.2094,101.4212,93.4593,85.4973,43.2758,65.2027,25.4912,31.786,8.2546,HOLD
2025-01-06,95.2074,94.015,92.0763,95.0932,93.8873,52.9706,3.4452,1.2059,1.1063,0.0997,100.7397,94.015,87.2903,56.5114,58.256,26.4296,30.0916,8.1277,HOLD
2025-01-07,100.1956,94.8067,92.2114,95.8782,94.3546,61.3621,3.6026,1.5236,1.1897,0.3339,100.4384,94.8067,89.1751,93.7849,64.5241,32.3913,26.7209,8.2324,HOLD
2025-01-08,99.3698,95.3656,92.3358,96.4154,94.7261,59.4702,3.4762,1.6893,1.2896,0.3996,100.453,95.3656,90.2781,86.0262,78.7742,31.1713,27.7627,8.0575,HOLD
2025-01-09,97.327,95.6906,92.3754,96.5556,94.9188,54.9565,3.4569,1.6369,1.3591,0.2778,100.3928,95.6906,90.9883,66.8333,82.2148,29.1068,30.466,7.6449,HOLD
2025-01-10,95.9665,95.9264,92.4458,96.465,94.9964,52.1193,3.4809,1.4686,1.381,0.0876,100.1643,95.9264,91.6885,47.5483,66.8026,26.8408,30.9426,7.6059,HOLD
2025-01-13,92.5903,95.7971,92.3936,95.8689,94.8181,45.8001,3.5635,1.0508,1.315,-0.2642,100.2699,95.7971,91.3243,13.234,42.5385,24.346,34.9756,8.3425,HOLD
2025-01-14,92.1482,95.526,92.3857,95.2965,94.6204,45.0302,3.5778,0.6761,1.1872,-0.5111,100.1894,95.526,90.8627,20.1443,26.9755,22.5171,35.0995,9.3065,HOLD
2025-01-15,91.9105,95.4865,92.3793,94.7756,94.4196,44.5962,3.4285,0.3559,1.0209,-0.665,100.2572,95.4865,90.7157,17.9648,17.1144,21.8188,34.0109,10.2016,HOLD
2025-01-16,91.9878,95.2605,92.3226,94.3467,94.2395,44.7826,3.4636,0.1072,0.8382,-0.731,100.24,95.2605,90.281,21.0509,19.72,20.0551,34.6247,11.3761,HOLD
2025-01-17,93.7905,95.0982,92.311,94.2611,94.2062,49.0849,3.4089,0.0549,0.6815,-0.6266,100.0472,95.0982,90.1493,37.0974,25.371,21.3179,32.6671,12.0652,HOLD
2025-01-20,92.4461,95.1665,92.3477,93.9819,94.0759,46.1942,3.3258,-0.094,0.5264,-0.6204,99.926,95.1665,90.4069,25.1304,27.7596,20.2902,33.8448,12.9919,HOLD
2025-01-21,91.292,95.0527,92.4636,93.568,93.8696,43.809,3.2319,-0.3016,0.3608,-0.6624,100.0619,95.0527,90.0435,14.8573,25.6951,19.3881,34.5013,14.0671,HOLD
2025-01-22,88.7873,94.7716,92.5114,92.8325,93.4932,39.0915,3.3759,-0.6606,0.1565,-0.8172,100.4764,94.7716,89.0669,18.5211,19.5029,17.2352,40.2427,15.9215,HOLD
2025-01-23,87.5569,94.4318,92.497,92.0209,93.0535,36.9846,3.3573,-1.0325,-0.0813,-0.9513,100.9478,94.4318,87.9158,12.4076,15.262,16.0931,38.3651,17.7055,HOLD
2025-01-24,83.4044,93.7825,92.3226,90.6953,92.3387,30.9264,3.478,-1.6434,-0.3937,-1.2497,101.8027,93.7825,85.7622,4.877,11.9352,14.4249,40.8848,19.8579,HOLD
2025-01-27,84.9022,93.2097,92.1824,89.804,91.7879,35.0585,3.4056,-1.9838,-0.7117,-1.2721,102.0106,93.2097,84.4087,13.6325,10.3057,14.7325,38.7712,21.6487,HOLD
2025-01-28,83.1373,92.4973,92.0229,88.7784,91.1471,32.5849,3.3643,-2.3687,-1.0431,-1.3256,102.101,92.4973,82.8936,6.4423,8.3173,13.8481,40.4489,23.6017,HOLD
2025-01-29,81.4635,91.718,91.8141,87.653,90.4298,30.3947,3.3111,-2.7767,-1.3898,-1.3869,102.2065,91.718,81.2296,5.2386,8.4378,13.0656,41.5216,25.6394,HOLD
2025-01-30,81.5848,90.9553,91.6685,86.7195,89.7746,30.7579,3.1346,-3.0551,-1.7229,-1.3322,102.0445,90.9553,79.8661,7.5308,6.4039,12.8154,40.7267,27.5316,HOLD
2025-01-31,80.2585,90.2663,91.482,85.7255,89.0697,28.9773,3.0898,-3.3442,-2.0472,-1.2971,102.1851,90.2663,78.3476,7.5633,6.7776,12.0728,43.2509,29.5905,HOLD
2025-02-03,78.8278,89.4474,91.2523,84.6643,88.311,27.1513,3.0603,-3.6468,-2.3671,-1.2797,102.1225,89.4474,76.7722,6.8938,7.3293,11.3185,43.8735,31.6901,HOLD
2025-02-04,77.2089,88.298,90.9965,83.5173,87.4887,25.215,3.0647,-3.9714,-2.6879,-1.2834,101.0348,88.298,75.5612,7.9236,7.4603,10.4947,45.2219,33.8785,HOLD
2025-02-05,76.2449,87.1418,90.7248,82.3985,86.6558,24.1124,2.9549,-4.2573,-3.0018,-1.2555,99.8468,87.1418,74.4368,2.9661,5.9278,10.1072,43.6093,35.9135,HOLD
2025-02-06,76.5462,86.1027,90.3777,81.4981,85.9069,25.2132,2.9139,-4.4088,-3.2832,-1.1256,98.7045,86.1027,73.501,5.9201,5.6033,11.2156,41.0643,37.4264,HOLD
2025-02-07,77.8111,85.195,90.0387,80.9309,85.3072,29.8161,2.9824,-4.3763,-3.5018,-0.8745,97.4342,85.195,72.9557,13.6416,7.5093,14.6605,37.2558,37.8618,HOLD
2025-02-10,76.5843,84.3947,89.6934,80.2622,84.6611,28.0151,2.9189,-4.3989,-3.6813,-0.7177,96.6881,84.3947,72.1013,7.3389,8.9669,13.9095,35.6932,38.2943,HOLD
2025-02-11,76.5727,83.6159,89.4379,79.6946,84.062,27.9979,2.8804,-4.3674,-3.8185,-0.5489,95.8189,83.6159,71.4128,8.3854,9.7886,13.8219,33.5862,38.5368,HOLD
2025-02-12,75.9829,82.8195,89.2439,79.1235,83.4635,27.0863,2.8596,-4.34,-3.9228,-0.4172,94.8308,82.8195,70.8083,13.3784,9.7009,12.9283,34.0911,38.9991,HOLD
2025-02-13,78.0155,82.1209,89.0636,78.9531,83.0599,34.9477,2.8753,-4.1069,-3.9596,-0.1473,93.528,82.1209,70.7138,31.1876,17.6504,16.9527,31.4831,38.3563,HOLD
2025-02-14,79.8218,81.4225,88.9626,79.0867,82.8201,41.0322,2.9296,-3.7334,-3.9143,0.181,91.5216,81.4225,71.3233,53.0868,32.5509,21.7614,28.6926,36.5978,HOLD
2025-02-17,78.1079,80.7055,88.8429,78.9361,82.471,37.4527,2.986,-3.5349,-3.8385,0.3036,89.5276,80.7055,71.8835,43.2085,42.4943,19.8249,33.1139,35.7767,HOLD
2025-02-18,78.1367,80.0478,88.7184,78.8131,82.15,37.5513,2.9323,-3.3368,-3.7381,0.4013,87.4642,80.0478,72.6313,48.5907,48.2954,19.2687,31.3125,34.922,HOLD
2025-02-19,78.2877,79.5228,88.5203,78.7323,81.8639,38.1021,2.8344,-3.1316,-3.6168,0.4852,85.7874,79.5228,73.2582,53.2565,48.3519,18.5104,30.0802,34.1284,HOLD
2025-02-20,77.7292,79.0314,88.2583,78.578,81.5576,36.8088,2.8248,-2.9796,-3.4894,0.5098,84.1318,79.0314,73.9311,45.494,49.1137,17.2466,32.518,33.8826,HOLD
2025-02-21,76.988,78.7106,87.9731,78.3334,81.2191,35.1057,2.771,-2.8857,-3.3687,0.4829,83.4658,78.7106,73.9554,35.1921,44.6475,16.3252,30.7807,33.6543,HOLD
2025-02-24,76.0366,78.2673,87.5903,77.98,80.8352,32.9953,2.7497,-2.8552,-3.266,0.4108,82.2156,78.2673,74.319,21.9686,34.2182,15.2765,32.731,33.8474,HOLD
