violation_id,tenant_id,request_id,violation_timestamp,violation_type,prior_violation_count,violation_number,severity,flat_penalty_usd,pct_penalty_per_1k_tokens,penalty_amount,cumulative_penalty,enforcement_action
VN000001,T001,R00000303,2025-01-01 08:05:00,TOKEN_EXCEEDED,0,1,WARNING,0.0,0.0,0.0,0.0,LOG
VN000002,T001,R00000316,2025-01-01 10:00:00,TOKEN_EXCEEDED,1,2,WARNING,0.0,0.0,0.0,0.0,LOG
VN000003,T001,R00000317,2025-01-01 10:03:00,TOKEN_EXCEEDED,2,3,WARNING,0.0,0.0,0.0,0.0,LOG
VN000004,T001,R00000318,2025-01-01 10:06:00,TOKEN_EXCEEDED,3,4,NOTICE,5.0,1.5,5.15,5.15,THROTTLE_50
VN000005,T001,R00000319,2025-01-01 10:09:00,TOKEN_EXCEEDED,4,5,NOTICE,5.0,1.5,5.15,10.3,THROTTLE_50
VN000006,T001,R00000320,2025-01-01 10:12:00,TOKEN_EXCEEDED,5,6,NOTICE,5.0,1.5,5.15,15.45,THROTTLE_50
VN000007,T001,R00000321,2025-01-01 10:15:00,TOKEN_EXCEEDED,6,7,NOTICE,5.0,1.5,5.15,20.6,THROTTLE_50
VN000008,T001,R00000322,2025-01-01 10:18:00,TOKEN_EXCEEDED,7,8,NOTICE,5.0,1.5,5.15,25.75,THROTTLE_50
VN000009,T001,R00000323,2025-01-01 10:21:00,TOKEN_EXCEEDED,8,9,NOTICE,5.0,1.5,5.15,30.9,THROTTLE_50
VN000010,T001,R00000324,2025-01-01 10:24:00,TOKEN_EXCEEDED,9,10,NOTICE,5.0,1.5,5.15,36.05,THROTTLE_50
VN000011,T001,R00000325,2025-01-01 10:27:00,TOKEN_EXCEEDED,10,11,CAUTION,20.0,3.0,20.3,56.35,THROTTLE_90
VN000012,T001,R00000326,2025-01-01 10:30:00,TOKEN_EXCEEDED,11,12,CAUTION,20.0,3.0,20.3,76.65,THROTTLE_90
VN000013,T001,R00000327,2025-01-01 10:33:00,TOKEN_EXCEEDED,12,13,CAUTION,20.0,3.0,20.3,96.95,THROTTLE_90
VN000014,T001,R00000328,2025-01-01 10:36:00,HOURLY_EXCEEDED,13,14,CAUTION,20.0,3.0,20.3,117.25,THROTTLE_90
VN000015,T001,R00000329,2025-01-01 10:39:00,HOURLY_EXCEEDED,14,15,CAUTION,20.0,3.0,20.3,137.55,THROTTLE_90
VN000016,T001,R00000005,2025-01-01 15:46:45,TOKEN_EXCEEDED,15,16,CAUTION,20.0,3.0,20.846,158.396,THROTTLE_90
VN000017,T001,R00000002,2025-01-01 22:18:34,TOKEN_EXCEEDED,16,17,CAUTION,20.0,3.0,20.696,179.092,THROTTLE_90
VN000018,T001,R00000001,2025-01-01 22:30:45,TOKEN_EXCEEDED,17,18,CAUTION,20.0,3.0,28.0,207.092,THROTTLE_90
VN000019,T001,R00000203,2025-01-03 21:25:48,TOKEN_EXCEEDED,18,19,CAUTION,20.0,3.0,24.53,231.622,THROTTLE_90
VN000020,T001,R00000202,2025-01-03 22:17:24,TOKEN_EXCEEDED,19,20,CAUTION,20.0,3.0,22.946,254.568,THROTTLE_90
VN000021,T002,R00000307,2025-01-01 23:59:59,TOKEN_EXCEEDED,0,1,WARNING,0.0,0.0,0.0,0.0,LOG
VN000022,T002,R00000110,2025-01-02 06:32:45,TOKEN_EXCEEDED,1,2,WARNING,0.0,0.0,0.0,0.0,LOG
VN000023,T002,R00000108,2025-01-02 13:28:51,TOKEN_EXCEEDED,2,3,WARNING,0.0,0.0,0.0,0.0,LOG
VN000024,T003,R00000013,2025-01-01 10:44:29,TOKEN_EXCEEDED,0,1,WARNING,0.0,0.0,0.0,0.0,LOG
VN000025,T003,R00000011,2025-01-01 17:30:16,TOKEN_EXCEEDED,1,2,WARNING,0.0,0.0,0.0,0.0,LOG
VN000026,T003,R00000012,2025-01-01 19:40:26,TOKEN_EXCEEDED,2,3,WARNING,0.0,0.0,0.0,0.0,LOG
VN000027,T007,R00000332,2025-01-01 14:02:19,TOKEN_EXCEEDED,3,4,NOTICE,5.0,1.5,8.0,8.0,THROTTLE_50
VN000028,T007,R00000333,2025-01-01 14:03:02,TOKEN_EXCEEDED,4,5,NOTICE,5.0,1.5,8.0,16.0,THROTTLE_50
VN000029,T007,R00000334,2025-01-01 14:04:45,TOKEN_EXCEEDED,5,6,NOTICE,5.0,1.5,8.0,24.0,THROTTLE_50
VN000030,T007,R00000335,2025-01-01 14:05:09,TOKEN_EXCEEDED,6,7,NOTICE,5.0,1.5,8.0,32.0,THROTTLE_50
VN000031,T007,R00000336,2025-01-01 14:06:07,TOKEN_EXCEEDED,7,8,NOTICE,5.0,1.5,8.0,40.0,THROTTLE_50
VN000032,T007,R00000337,2025-01-01 14:07:01,TOKEN_EXCEEDED,8,9,NOTICE,5.0,1.5,8.0,48.0,THROTTLE_50
VN000033,T007,R00000338,2025-01-01 14:08:12,TOKEN_EXCEEDED,9,10,NOTICE,5.0,1.5,8.0,56.0,THROTTLE_50
VN000034,T007,R00000339,2025-01-01 14:09:11,TOKEN_EXCEEDED,10,11,CAUTION,20.0,3.0,28.0,84.0,THROTTLE_90
VN000035,T007,R00000340,2025-01-01 14:10:50,TOKEN_EXCEEDED,11,12,CAUTION,20.0,3.0,28.0,112.0,THROTTLE_90
VN000036,T007,R00000341,2025-01-01 14:11:47,TOKEN_EXCEEDED,12,13,CAUTION,20.0,3.0,28.0,140.0,THROTTLE_90
VN000037,T007,R00000342,2025-01-01 14:12:49,TOKEN_EXCEEDED,13,14,CAUTION,20.0,3.0,28.0,168.0,THROTTLE_90
VN000038,T007,R00000343,2025-01-01 14:13:38,TOKEN_EXCEEDED,14,15,CAUTION,20.0,3.0,28.0,196.0,THROTTLE_90
VN000039,T007,R00000344,2025-01-01 14:14:03,TOKEN_EXCEEDED,15,16,CAUTION,20.0,3.0,28.0,224.0,THROTTLE_90
VN000040,T007,R00000345,2025-01-01 14:15:40,TOKEN_EXCEEDED,16,17,CAUTION,20.0,3.0,28.0,252.0,THROTTLE_90
VN000041,T007,R00000346,2025-01-01 14:16:31,TOKEN_EXCEEDED,17,18,CAUTION,20.0,3.0,28.0,280.0,THROTTLE_90
VN000042,T007,R00000347,2025-01-01 14:17:50,TOKEN_EXCEEDED,18,19,CAUTION,20.0,3.0,28.0,308.0,THROTTLE_90
VN000043,T007,R00000348,2025-01-01 14:18:36,TOKEN_EXCEEDED,19,20,CAUTION,20.0,3.0,28.0,336.0,THROTTLE_90
VN000044,T007,R00000349,2025-01-01 14:19:27,TOKEN_EXCEEDED,20,21,CAUTION,20.0,3.0,28.0,364.0,THROTTLE_90
VN000045,T007,R00000350,2025-01-01 14:20:20,TOKEN_EXCEEDED,21,22,CAUTION,20.0,3.0,28.0,392.0,THROTTLE_90
VN000046,T007,R00000351,2025-01-01 14:21:52,TOKEN_EXCEEDED,22,23,CAUTION,20.0,3.0,28.0,420.0,THROTTLE_90
VN000047,T007,R00000352,2025-01-01 14:22:34,TOKEN_EXCEEDED,23,24,CAUTION,20.0,3.0,28.0,448.0,THROTTLE_90
VN000048,T007,R00000353,2025-01-01 14:23:21,TOKEN_EXCEEDED,24,25,CAUTION,20.0,3.0,28.0,476.0,THROTTLE_90
VN000049,T007,R00000354,2025-01-01 14:24:47,TOKEN_EXCEEDED,25,26,STRICT,75.0,5.0,97.5,573.5,SUSPEND_1HR
VN000050,T007,R00000355,2025-01-01 14:25:23,TOKEN_EXCEEDED,26,27,STRICT,75.0,5.0,97.5,671.0,SUSPEND_1HR
VN000051,T007,R00000356,2025-01-01 14:26:46,TOKEN_EXCEEDED,27,28,STRICT,75.0,5.0,97.5,768.5,SUSPEND_1HR
VN000052,T007,R00000357,2025-01-01 14:27:41,TOKEN_EXCEEDED,28,29,STRICT,75.0,5.0,97.5,866.0,SUSPEND_1HR
VN000053,T007,R00000358,2025-01-01 14:28:39,HOURLY_EXCEEDED,29,30,STRICT,75.0,5.0,97.5,963.5,SUSPEND_1HR
VN000054,T007,R00000359,2025-01-01 14:29:41,HOURLY_EXCEEDED,30,31,STRICT,75.0,5.0,97.5,1061.0,SUSPEND_1HR
VN000055,T007,R00000360,2025-01-01 14:30:55,HOURLY_EXCEEDED,31,32,STRICT,75.0,5.0,97.5,1158.5,SUSPEND_1HR
VN000056,T007,R00000361,2025-01-01 14:31:18,HOURLY_EXCEEDED,32,33,STRICT,75.0,5.0,97.5,1256.0,SUSPEND_1HR
VN000057,T007,R00000031,2025-01-01 18:23:13,TOKEN_EXCEEDED,33,34,STRICT,75.0,5.0,75.0,1331.0,SUSPEND_1HR
VN000058,T007,R00000034,2025-01-01 21:59:10,TOKEN_EXCEEDED,34,35,STRICT,75.0,5.0,78.06,1409.06,SUSPEND_1HR
VN000059,T007,R00000726,2025-01-02 09:34:51,TOKEN_EXCEEDED,35,36,STRICT,75.0,5.0,80.98,1490.04,SUSPEND_1HR
VN000060,T007,R00000713,2025-01-02 09:35:40,TOKEN_EXCEEDED,36,37,STRICT,75.0,5.0,80.13,1570.17,SUSPEND_1HR
VN000061,T007,R00000720,2025-01-02 09:37:18,TOKEN_EXCEEDED,37,38,STRICT,75.0,5.0,77.63,1647.8,SUSPEND_1HR
VN000062,T007,R00000681,2025-01-02 09:38:38,TOKEN_EXCEEDED,38,39,STRICT,75.0,5.0,78.31,1726.11,SUSPEND_1HR
VN000063,T007,R00000692,2025-01-02 09:38:41,TOKEN_EXCEEDED,39,40,STRICT,75.0,5.0,80.235,1806.345,SUSPEND_1HR
VN000064,T007,R00000711,2025-01-02 09:38:50,TOKEN_EXCEEDED,40,41,STRICT,75.0,5.0,78.82,1885.165,SUSPEND_1HR
VN000065,T007,R00000722,2025-01-02 09:40:26,TOKEN_EXCEEDED,41,42,STRICT,75.0,5.0,77.47,1962.635,SUSPEND_1HR
VN000066,T007,R00000723,2025-01-02 09:41:37,TOKEN_EXCEEDED,42,43,STRICT,75.0,5.0,78.03,2040.665,SUSPEND_1HR
VN000067,T007,R00000697,2025-01-02 09:41:54,TOKEN_EXCEEDED,43,44,STRICT,75.0,5.0,79.84,2120.505,SUSPEND_1HR
VN000068,T007,R00000686,2025-01-02 09:42:13,TOKEN_EXCEEDED,44,45,STRICT,75.0,5.0,78.84,2199.345,SUSPEND_1HR
VN000069,T007,R00000690,2025-01-02 09:42:51,TOKEN_EXCEEDED,45,46,STRICT,75.0,5.0,78.76,2278.105,SUSPEND_1HR
VN000070,T007,R00000684,2025-01-02 09:46:01,TOKEN_EXCEEDED,46,47,STRICT,75.0,5.0,80.505,2358.61,SUSPEND_1HR
VN000071,T007,R00000709,2025-01-02 09:46:14,TOKEN_EXCEEDED,47,48,STRICT,75.0,5.0,78.17,2436.78,SUSPEND_1HR
VN000072,T007,R00000688,2025-01-02 09:46:47,TOKEN_EXCEEDED,48,49,STRICT,75.0,5.0,77.41,2514.19,SUSPEND_1HR
VN000073,T007,R00000701,2025-01-02 09:47:41,TOKEN_EXCEEDED,49,50,STRICT,75.0,5.0,78.75,2592.94,SUSPEND_1HR
VN000074,T007,R00000705,2025-01-02 09:49:03,TOKEN_EXCEEDED,50,51,CRITICAL,300.0,8.0,304.768,2897.708,SUSPEND_24HR
VN000075,T007,R00000677,2025-01-02 09:49:52,TOKEN_EXCEEDED,51,52,CRITICAL,300.0,8.0,307.896,3205.604,SUSPEND_24HR
VN000076,T007,R00000715,2025-01-02 09:51:41,TOKEN_EXCEEDED,52,53,CRITICAL,300.0,8.0,305.304,3510.908,SUSPEND_24HR
VN000077,T007,R00000712,2025-01-02 09:51:43,TOKEN_EXCEEDED,53,54,CRITICAL,300.0,8.0,304.064,3814.972,SUSPEND_24HR
VN000078,T007,R00000710,2025-01-02 09:53:06,TOKEN_EXCEEDED,54,55,CRITICAL,300.0,8.0,304.448,4119.42,SUSPEND_24HR
VN000079,T007,R00000689,2025-01-02 09:54:45,TOKEN_EXCEEDED,55,56,CRITICAL,300.0,8.0,304.64,4424.06,SUSPEND_24HR
VN000080,T007,R00000699,2025-01-02 09:55:35,TOKEN_EXCEEDED,56,57,CRITICAL,300.0,8.0,308.304,4732.364,SUSPEND_24HR
VN000081,T007,R00000700,2025-01-02 09:55:50,HOURLY_EXCEEDED,57,58,CRITICAL,300.0,8.0,307.488,5039.852,SUSPEND_24HR
VN000082,T007,R00000704,2025-01-02 09:58:05,HOURLY_EXCEEDED,58,59,CRITICAL,300.0,8.0,307.52,5347.372,SUSPEND_24HR
VN000083,T007,R00000698,2025-01-02 09:58:17,HOURLY_EXCEEDED,59,60,CRITICAL,300.0,8.0,308.28,5655.652,SUSPEND_24HR
VN000084,T007,R00000694,2025-01-02 09:58:47,HOURLY_EXCEEDED,60,61,CRITICAL,300.0,8.0,305.92,5961.572,SUSPEND_24HR
VN000085,T007,R00000718,2025-01-02 09:59:08,HOURLY_EXCEEDED,61,62,CRITICAL,300.0,8.0,304.56,6266.132,SUSPEND_24HR
VN000086,T007,R00000132,2025-01-02 22:44:53,TOKEN_EXCEEDED,62,63,CRITICAL,300.0,8.0,312.704,6578.836,SUSPEND_24HR
VN000087,T011,R00000557,2025-01-02 02:39:44,TOKEN_EXCEEDED,11,12,CAUTION,20.0,3.0,28.0,28.0,THROTTLE_90
VN000088,T011,R00000393,2025-01-02 02:43:11,TOKEN_EXCEEDED,12,13,CAUTION,20.0,3.0,22.703,50.703,THROTTLE_90
VN000089,T011,R00000583,2025-01-02 02:46:07,TOKEN_EXCEEDED,13,14,CAUTION,20.0,3.0,23.459,74.162,THROTTLE_90
VN000090,T011,R00000448,2025-01-02 02:48:34,TOKEN_EXCEEDED,14,15,CAUTION,20.0,3.0,21.674,95.836,THROTTLE_90
VN000091,T011,R00000537,2025-01-02 02:53:28,TOKEN_EXCEEDED,15,16,CAUTION,20.0,3.0,28.0,123.836,THROTTLE_90
VN000092,T011,R00000566,2025-01-02 03:01:37,TOKEN_EXCEEDED,16,17,CAUTION,20.0,3.0,28.0,151.836,THROTTLE_90
VN000093,T011,R00000579,2025-01-02 03:06:32,TOKEN_EXCEEDED,17,18,CAUTION,20.0,3.0,23.873,175.709,THROTTLE_90
VN000094,T011,R00000427,2025-01-02 03:12:08,TOKEN_EXCEEDED,18,19,CAUTION,20.0,3.0,28.0,203.709,THROTTLE_90
VN000095,T011,R00000622,2025-01-02 03:18:02,TOKEN_EXCEEDED,19,20,CAUTION,20.0,3.0,28.0,231.709,THROTTLE_90
VN000096,T011,R00000384,2025-01-02 03:20:25,TOKEN_EXCEEDED,20,21,CAUTION,20.0,3.0,20.843,252.552,THROTTLE_90
VN000097,T011,R00000371,2025-01-02 03:24:46,TOKEN_EXCEEDED,21,22,CAUTION,20.0,3.0,24.764,277.316,THROTTLE_90
VN000098,T011,R00000457,2025-01-02 03:32:45,TOKEN_EXCEEDED,22,23,CAUTION,20.0,3.0,28.0,305.316,THROTTLE_90
VN000099,T011,R00000362,2025-01-02 03:34:40,TOKEN_EXCEEDED,23,24,CAUTION,20.0,3.0,28.0,333.316,THROTTLE_90
VN000100,T011,R00000548,2025-01-02 03:37:44,TOKEN_EXCEEDED,24,25,CAUTION,20.0,3.0,23.834,357.15,THROTTLE_90
VN000101,T011,R00000444,2025-01-02 03:41:43,TOKEN_EXCEEDED,25,26,STRICT,75.0,5.0,82.495,439.645,SUSPEND_1HR
VN000102,T011,R00000644,2025-01-02 03:43:07,TOKEN_EXCEEDED,26,27,STRICT,75.0,5.0,86.525,526.17,SUSPEND_1HR
VN000103,T011,R00000476,2025-01-02 03:50:05,TOKEN_EXCEEDED,27,28,STRICT,75.0,5.0,80.705,606.875,SUSPEND_1HR
VN000104,T011,R00000406,2025-01-02 04:00:41,TOKEN_EXCEEDED,28,29,STRICT,75.0,5.0,97.5,704.375,SUSPEND_1HR
VN000105,T011,R00000641,2025-01-02 04:33:35,TOKEN_EXCEEDED,29,30,STRICT,75.0,5.0,83.19,787.565,SUSPEND_1HR
VN000106,T011,R00000669,2025-01-02 04:36:41,TOKEN_EXCEEDED,30,31,STRICT,75.0,5.0,81.8,869.365,SUSPEND_1HR
VN000107,T011,R00000530,2025-01-02 04:39:31,TOKEN_EXCEEDED,31,32,STRICT,75.0,5.0,84.825,954.19,SUSPEND_1HR
VN000108,T011,R00000640,2025-01-02 04:43:53,TOKEN_EXCEEDED,32,33,STRICT,75.0,5.0,82.28,1036.47,SUSPEND_1HR
VN000109,T011,R00000423,2025-01-02 04:51:29,TOKEN_EXCEEDED,33,34,STRICT,75.0,5.0,77.81,1114.28,SUSPEND_1HR
VN000110,T011,R00000471,2025-01-02 04:54:28,TOKEN_EXCEEDED,34,35,STRICT,75.0,5.0,79.55,1193.83,SUSPEND_1HR
VN000111,T011,R00000591,2025-01-02 05:02:48,TOKEN_EXCEEDED,35,36,STRICT,75.0,5.0,87.09,1280.92,SUSPEND_1HR
VN000112,T011,R00000489,2025-01-02 05:06:07,TOKEN_EXCEEDED,36,37,STRICT,75.0,5.0,79.95,1360.87,SUSPEND_1HR
VN000113,T011,R00000532,2025-01-02 05:06:25,TOKEN_EXCEEDED,37,38,STRICT,75.0,5.0,97.5,1458.37,SUSPEND_1HR
VN000114,T011,R00000408,2025-01-02 05:13:15,TOKEN_EXCEEDED,38,39,STRICT,75.0,5.0,79.66,1538.03,SUSPEND_1HR
VN000115,T011,R00000378,2025-01-02 05:14:12,TOKEN_EXCEEDED,39,40,STRICT,75.0,5.0,79.71,1617.74,SUSPEND_1HR
VN000116,T011,R00000600,2025-01-02 05:16:35,TOKEN_EXCEEDED,40,41,STRICT,75.0,5.0,81.885,1699.625,SUSPEND_1HR
VN000117,T011,R00000507,2025-01-02 05:27:04,TOKEN_EXCEEDED,41,42,STRICT,75.0,5.0,97.5,1797.125,SUSPEND_1HR
VN000118,T011,R00000675,2025-01-02 05:27:25,TOKEN_EXCEEDED,42,43,STRICT,75.0,5.0,76.595,1873.72,SUSPEND_1HR
VN000119,T011,R00000558,2025-01-02 05:29:20,TOKEN_EXCEEDED,43,44,STRICT,75.0,5.0,82.895,1956.615,SUSPEND_1HR
VN000120,T011,R00000436,2025-01-02 05:39:13,TOKEN_EXCEEDED,44,45,STRICT,75.0,5.0,79.155,2035.77,SUSPEND_1HR
VN000121,T011,R00000453,2025-01-02 05:45:52,TOKEN_EXCEEDED,45,46,STRICT,75.0,5.0,83.71,2119.48,SUSPEND_1HR
VN000122,T011,R00000658,2025-01-02 05:46:32,TOKEN_EXCEEDED,46,47,STRICT,75.0,5.0,91.375,2210.855,SUSPEND_1HR
VN000123,T011,R00000615,2025-01-02 05:48:42,TOKEN_EXCEEDED,47,48,STRICT,75.0,5.0,87.09,2297.945,SUSPEND_1HR
VN000124,T011,R00000585,2025-01-02 05:49:33,TOKEN_EXCEEDED,48,49,STRICT,75.0,5.0,76.435,2374.38,SUSPEND_1HR
VN000125,T011,R00000533,2025-01-02 05:51:29,TOKEN_EXCEEDED,49,50,STRICT,75.0,5.0,80.81,2455.19,SUSPEND_1HR
VN000126,T011,R00000455,2025-01-02 05:51:33,TOKEN_EXCEEDED,50,51,CRITICAL,300.0,8.0,307.576,2762.766,SUSPEND_24HR
VN000127,T011,R00000451,2025-01-02 05:53:57,TOKEN_EXCEEDED,51,52,CRITICAL,300.0,8.0,302.288,3065.054,SUSPEND_24HR
VN000128,T011,R00000496,2025-01-02 05:55:49,TOKEN_EXCEEDED,52,53,CRITICAL,300.0,8.0,312.928,3377.982,SUSPEND_24HR
VN000129,T011,R00000563,2025-01-02 06:01:48,TOKEN_EXCEEDED,53,54,CRITICAL,300.0,8.0,350.88,3728.862,SUSPEND_24HR
VN000130,T011,R00000447,2025-01-02 06:03:22,TOKEN_EXCEEDED,54,55,CRITICAL,300.0,8.0,360.0,4088.862,SUSPEND_24HR
VN000131,T011,R00000510,2025-01-02 06:04:41,TOKEN_EXCEEDED,55,56,CRITICAL,300.0,8.0,352.08,4440.942,SUSPEND_24HR
VN000132,T011,R00000626,2025-01-02 06:08:14,TOKEN_EXCEEDED,56,57,CRITICAL,300.0,8.0,309.52,4750.462,SUSPEND_24HR
VN000133,T011,R00000414,2025-01-02 06:20:46,TOKEN_EXCEEDED,57,58,CRITICAL,300.0,8.0,310.752,5061.214,SUSPEND_24HR
VN000134,T011,R00000625,2025-01-02 06:24:40,TOKEN_EXCEEDED,58,59,CRITICAL,300.0,8.0,302.168,5363.382,SUSPEND_24HR
VN000135,T011,R00000387,2025-01-02 06:34:01,TOKEN_EXCEEDED,59,60,CRITICAL,300.0,8.0,360.0,5723.382,SUSPEND_24HR
VN000136,T011,R00000373,2025-01-02 06:35:01,TOKEN_EXCEEDED,60,61,CRITICAL,300.0,8.0,312.832,6036.214,SUSPEND_24HR
VN000137,T011,R00000540,2025-01-02 06:40:19,TOKEN_EXCEEDED,61,62,CRITICAL,300.0,8.0,303.68,6339.894,SUSPEND_24HR
VN000138,T011,R00000481,2025-01-02 06:41:19,TOKEN_EXCEEDED,62,63,CRITICAL,300.0,8.0,310.76,6650.654,SUSPEND_24HR
VN000139,T011,R00000522,2025-01-02 06:43:18,TOKEN_EXCEEDED,63,64,CRITICAL,300.0,8.0,360.0,7010.654,SUSPEND_24HR
VN000140,T011,R00000439,2025-01-02 06:47:55,TOKEN_EXCEEDED,64,65,CRITICAL,300.0,8.0,346.424,7357.078,SUSPEND_24HR
VN000141,T011,R00000659,2025-01-02 06:48:32,TOKEN_EXCEEDED,65,66,CRITICAL,300.0,8.0,305.304,7662.382,SUSPEND_24HR
VN000142,T011,R00000651,2025-01-02 06:50:52,TOKEN_EXCEEDED,66,67,CRITICAL,300.0,8.0,311.44,7973.822,SUSPEND_24HR
VN000143,T011,R00000485,2025-01-02 06:52:49,TOKEN_EXCEEDED,67,68,CRITICAL,300.0,8.0,313.256,8287.078,SUSPEND_24HR
VN000144,T011,R00000487,2025-01-02 07:05:07,TOKEN_EXCEEDED,68,69,CRITICAL,300.0,8.0,360.0,8647.078,SUSPEND_24HR
VN000145,T011,R00000478,2025-01-02 07:11:20,TOKEN_EXCEEDED,69,70,CRITICAL,300.0,8.0,312.448,8959.526,SUSPEND_24HR
VN000146,T011,R00000523,2025-01-02 07:15:40,TOKEN_EXCEEDED,70,71,CRITICAL,300.0,8.0,317.648,9277.174,SUSPEND_24HR
VN000147,T011,R00000470,2025-01-02 07:16:15,TOKEN_EXCEEDED,71,72,CRITICAL,300.0,8.0,302.024,9579.198,SUSPEND_24HR
VN000148,T011,R00000364,2025-01-02 07:21:15,TOKEN_EXCEEDED,72,73,CRITICAL,300.0,8.0,311.52,9890.718,SUSPEND_24HR
VN000149,T011,R00000647,2025-01-02 07:26:38,TOKEN_EXCEEDED,73,74,CRITICAL,300.0,8.0,360.0,10250.718,SUSPEND_24HR
VN000150,T011,R00000576,2025-01-02 07:28:00,TOKEN_EXCEEDED,74,75,CRITICAL,300.0,8.0,317.512,10568.23,SUSPEND_24HR
VN000151,T011,R00000401,2025-01-02 07:34:04,TOKEN_EXCEEDED,75,76,CRITICAL,300.0,8.0,304.888,10873.118,SUSPEND_24HR
VN000152,T011,R00000426,2025-01-02 07:34:29,TOKEN_EXCEEDED,76,77,CRITICAL,300.0,8.0,305.344,11178.462,SUSPEND_24HR
VN000153,T011,R00000464,2025-01-02 07:37:25,TOKEN_EXCEEDED,77,78,CRITICAL,300.0,8.0,347.264,11525.726,SUSPEND_24HR
VN000154,T011,R00000367,2025-01-02 07:38:35,TOKEN_EXCEEDED,78,79,CRITICAL,300.0,8.0,360.0,11885.726,SUSPEND_24HR
VN000155,T011,R00000531,2025-01-02 07:40:25,TOKEN_EXCEEDED,79,80,CRITICAL,300.0,8.0,345.584,12231.31,SUSPEND_24HR
VN000156,T011,R00000590,2025-01-02 07:45:05,TOKEN_EXCEEDED,80,81,CRITICAL,300.0,8.0,341.072,12572.382,SUSPEND_24HR
VN000157,T011,R00000369,2025-01-02 07:51:53,TOKEN_EXCEEDED,81,82,CRITICAL,300.0,8.0,324.672,12897.054,SUSPEND_24HR
VN000158,T011,R00000549,2025-01-02 07:54:19,TOKEN_EXCEEDED,82,83,CRITICAL,300.0,8.0,314.024,13211.078,SUSPEND_24HR
VN000159,T011,R00000586,2025-01-02 08:03:50,TOKEN_EXCEEDED,83,84,CRITICAL,300.0,8.0,314.184,13525.262,SUSPEND_24HR
VN000160,T011,R00000541,2025-01-02 08:05:27,TOKEN_EXCEEDED,84,85,CRITICAL,300.0,8.0,308.896,13834.158,SUSPEND_24HR
VN000161,T011,R00000508,2025-01-02 08:10:43,TOKEN_EXCEEDED,85,86,CRITICAL,300.0,8.0,312.816,14146.974,SUSPEND_24HR
VN000162,T011,R00000568,2025-01-02 08:21:02,TOKEN_EXCEEDED,86,87,CRITICAL,300.0,8.0,318.712,14465.686,SUSPEND_24HR
VN000163,T011,R00000609,2025-01-02 08:21:38,TOKEN_EXCEEDED,87,88,CRITICAL,300.0,8.0,314.76,14780.446,SUSPEND_24HR
VN000164,T011,R00000155,2025-01-02 08:22:23,TOKEN_EXCEEDED,88,89,CRITICAL,300.0,8.0,340.4,15120.846,SUSPEND_24HR
VN000165,T011,R00000629,2025-01-02 08:24:30,TOKEN_EXCEEDED,89,90,CRITICAL,300.0,8.0,313.976,15434.822,SUSPEND_24HR
VN000166,T011,R00000551,2025-01-02 08:26:02,TOKEN_EXCEEDED,90,91,CRITICAL,300.0,8.0,309.128,15743.95,SUSPEND_24HR
VN000167,T011,R00000660,2025-01-02 08:26:02,TOKEN_EXCEEDED,91,92,CRITICAL,300.0,8.0,307.648,16051.598,SUSPEND_24HR
VN000168,T011,R00000499,2025-01-02 08:26:34,TOKEN_EXCEEDED,92,93,CRITICAL,300.0,8.0,335.672,16387.27,SUSPEND_24HR
VN000169,T011,R00000365,2025-01-02 08:30:41,TOKEN_EXCEEDED,93,94,CRITICAL,300.0,8.0,311.6,16698.87,SUSPEND_24HR
VN000170,T011,R00000474,2025-01-02 08:34:50,TOKEN_EXCEEDED,94,95,CRITICAL,300.0,8.0,302.176,17001.046,SUSPEND_24HR
VN000171,T011,R00000539,2025-01-02 08:35:58,TOKEN_EXCEEDED,95,96,CRITICAL,300.0,8.0,314.92,17315.966,SUSPEND_24HR
VN000172,T011,R00000582,2025-01-02 08:44:27,TOKEN_EXCEEDED,96,97,CRITICAL,300.0,8.0,360.0,17675.966,SUSPEND_24HR
VN000173,T011,R00000441,2025-01-02 08:44:54,TOKEN_EXCEEDED,97,98,CRITICAL,300.0,8.0,313.968,17989.934,SUSPEND_24HR
VN000174,T011,R00000433,2025-01-02 08:46:22,TOKEN_EXCEEDED,98,99,CRITICAL,300.0,8.0,304.936,18294.87,SUSPEND_24HR
VN000175,T011,R00000635,2025-01-02 08:47:05,TOKEN_EXCEEDED,99,100,CRITICAL,300.0,8.0,354.176,18649.046,SUSPEND_24HR
VN000176,T011,R00000454,2025-01-02 08:52:10,TOKEN_EXCEEDED,100,101,CRITICAL,300.0,8.0,310.408,18959.454,SUSPEND_24HR
VN000177,T011,R00000458,2025-01-02 08:54:28,TOKEN_EXCEEDED,101,102,CRITICAL,300.0,8.0,305.728,19265.182,SUSPEND_24HR
VN000178,T011,R00000623,2025-01-02 09:06:00,TOKEN_EXCEEDED,102,103,CRITICAL,300.0,8.0,303.424,19568.606,SUSPEND_24HR
VN000179,T011,R00000519,2025-01-02 09:11:53,TOKEN_EXCEEDED,103,104,CRITICAL,300.0,8.0,325.792,19894.398,SUSPEND_24HR
VN000180,T011,R00000151,2025-01-02 09:29:18,TOKEN_EXCEEDED,104,105,CRITICAL,300.0,8.0,312.296,20206.694,SUSPEND_24HR
VN000181,T011,R00000490,2025-01-02 09:38:22,TOKEN_EXCEEDED,105,106,CRITICAL,300.0,8.0,308.792,20515.486,SUSPEND_24HR
VN000182,T011,R00000500,2025-01-02 09:40:13,TOKEN_EXCEEDED,106,107,CRITICAL,300.0,8.0,316.552,20832.038,SUSPEND_24HR
VN000183,T011,R00000567,2025-01-02 09:57:24,TOKEN_EXCEEDED,107,108,CRITICAL,300.0,8.0,360.0,21192.038,SUSPEND_24HR
VN000184,T011,R00000564,2025-01-02 09:57:45,TOKEN_EXCEEDED,108,109,CRITICAL,300.0,8.0,314.592,21506.63,SUSPEND_24HR
VN000185,T011,R00000440,2025-01-02 10:12:10,TOKEN_EXCEEDED,109,110,CRITICAL,300.0,8.0,325.792,21832.422,SUSPEND_24HR
VN000186,T011,R00000498,2025-01-02 10:17:58,TOKEN_EXCEEDED,110,111,CRITICAL,300.0,8.0,314.072,22146.494,SUSPEND_24HR
VN000187,T011,R00000509,2025-01-02 10:23:51,TOKEN_EXCEEDED,111,112,CRITICAL,300.0,8.0,314.664,22461.158,SUSPEND_24HR
VN000188,T011,R00000618,2025-01-02 10:26:26,TOKEN_EXCEEDED,112,113,CRITICAL,300.0,8.0,312.688,22773.846,SUSPEND_24HR
VN000189,T011,R00000424,2025-01-02 10:27:31,TOKEN_EXCEEDED,113,114,CRITICAL,300.0,8.0,308.792,23082.638,SUSPEND_24HR
VN000190,T011,R00000673,2025-01-02 10:28:31,TOKEN_EXCEEDED,114,115,CRITICAL,300.0,8.0,319.488,23402.126,SUSPEND_24HR
VN000191,T011,R00000617,2025-01-02 10:31:09,TOKEN_EXCEEDED,115,116,CRITICAL,300.0,8.0,360.0,23762.126,SUSPEND_24HR
VN000192,T011,R00000460,2025-01-02 10:32:36,TOKEN_EXCEEDED,116,117,CRITICAL,300.0,8.0,307.624,24069.75,SUSPEND_24HR
VN000193,T011,R00000631,2025-01-02 10:32:48,TOKEN_EXCEEDED,117,118,CRITICAL,300.0,8.0,301.616,24371.366,SUSPEND_24HR
VN000194,T011,R00000375,2025-01-02 10:34:39,TOKEN_EXCEEDED,118,119,CRITICAL,300.0,8.0,324.272,24695.638,SUSPEND_24HR
VN000195,T011,R00000614,2025-01-02 10:44:21,TOKEN_EXCEEDED,119,120,CRITICAL,300.0,8.0,343.568,25039.206,SUSPEND_24HR
VN000196,T011,R00000469,2025-01-02 10:47:25,TOKEN_EXCEEDED,120,121,CRITICAL,300.0,8.0,307.48,25346.686,SUSPEND_24HR
VN000197,T011,R00000480,2025-01-02 10:53:53,TOKEN_EXCEEDED,121,122,CRITICAL,300.0,8.0,324.192,25670.878,SUSPEND_24HR
VN000198,T011,R00000562,2025-01-02 10:54:12,TOKEN_EXCEEDED,122,123,CRITICAL,300.0,8.0,360.0,26030.878,SUSPEND_24HR
VN000199,T011,R00000584,2025-01-02 10:55:56,TOKEN_EXCEEDED,123,124,CRITICAL,300.0,8.0,314.456,26345.334,SUSPEND_24HR
VN000200,T011,R00000462,2025-01-02 10:57:37,TOKEN_EXCEEDED,124,125,CRITICAL,300.0,8.0,360.0,26705.334,SUSPEND_24HR
VN000201,T011,R00000606,2025-01-02 10:58:36,TOKEN_EXCEEDED,125,126,CRITICAL,300.0,8.0,302.96,27008.294,SUSPEND_24HR
VN000202,T011,R00000575,2025-01-02 11:02:04,TOKEN_EXCEEDED,126,127,CRITICAL,300.0,8.0,310.464,27318.758,SUSPEND_24HR
VN000203,T011,R00000661,2025-01-02 11:05:59,TOKEN_EXCEEDED,127,128,CRITICAL,300.0,8.0,307.92,27626.678,SUSPEND_24HR
VN000204,T011,R00000514,2025-01-02 11:07:28,TOKEN_EXCEEDED,128,129,CRITICAL,300.0,8.0,352.528,27979.206,SUSPEND_24HR
VN000205,T011,R00000418,2025-01-02 11:16:38,TOKEN_EXCEEDED,129,130,CRITICAL,300.0,8.0,313.392,28292.598,SUSPEND_24HR
VN000206,T011,R00000639,2025-01-02 11:23:09,TOKEN_EXCEEDED,130,131,CRITICAL,300.0,8.0,309.8,28602.398,SUSPEND_24HR
VN000207,T011,R00000624,2025-01-02 11:43:33,TOKEN_EXCEEDED,131,132,CRITICAL,300.0,8.0,312.048,28914.446,SUSPEND_24HR
VN000208,T011,R00000505,2025-01-02 11:46:04,TOKEN_EXCEEDED,132,133,CRITICAL,300.0,8.0,348.16,29262.606,SUSPEND_24HR
VN000209,T011,R00000516,2025-01-02 11:46:11,TOKEN_EXCEEDED,133,134,CRITICAL,300.0,8.0,304.2,29566.806,SUSPEND_24HR
VN000210,T011,R00000442,2025-01-02 12:15:42,TOKEN_EXCEEDED,134,135,CRITICAL,300.0,8.0,360.0,29926.806,SUSPEND_24HR
VN000211,T011,R00000417,2025-01-02 12:25:10,TOKEN_EXCEEDED,135,136,CRITICAL,300.0,8.0,360.0,30286.806,SUSPEND_24HR
VN000212,T011,R00000368,2025-01-02 12:28:00,TOKEN_EXCEEDED,136,137,CRITICAL,300.0,8.0,310.28,30597.086,SUSPEND_24HR
VN000213,T011,R00000520,2025-01-02 12:33:19,TOKEN_EXCEEDED,137,138,CRITICAL,300.0,8.0,303.2,30900.286,SUSPEND_24HR
VN000214,T011,R00000425,2025-01-02 12:40:25,TOKEN_EXCEEDED,138,139,CRITICAL,300.0,8.0,309.488,31209.774,SUSPEND_24HR
VN000215,T011,R00000556,2025-01-02 12:45:38,TOKEN_EXCEEDED,139,140,CRITICAL,300.0,8.0,306.112,31515.886,SUSPEND_24HR
VN000216,T011,R00000396,2025-01-02 12:48:05,TOKEN_EXCEEDED,140,141,CRITICAL,300.0,8.0,342.56,31858.446,SUSPEND_24HR
VN000217,T011,R00000449,2025-01-02 12:51:07,TOKEN_EXCEEDED,141,142,CRITICAL,300.0,8.0,314.776,32173.222,SUSPEND_24HR
VN000218,T011,R00000601,2025-01-02 12:51:18,TOKEN_EXCEEDED,142,143,CRITICAL,300.0,8.0,303.52,32476.742,SUSPEND_24HR
VN000219,T011,R00000435,2025-01-02 12:54:55,TOKEN_EXCEEDED,143,144,CRITICAL,300.0,8.0,303.72,32780.462,SUSPEND_24HR
VN000220,T011,R00000390,2025-01-02 12:59:20,TOKEN_EXCEEDED,144,145,CRITICAL,300.0,8.0,315.344,33095.806,SUSPEND_24HR
VN000221,T011,R00000642,2025-01-02 13:00:56,TOKEN_EXCEEDED,145,146,CRITICAL,300.0,8.0,360.0,33455.806,SUSPEND_24HR
VN000222,T011,R00000602,2025-01-02 13:01:23,TOKEN_EXCEEDED,146,147,CRITICAL,300.0,8.0,360.0,33815.806,SUSPEND_24HR
VN000223,T011,R00000410,2025-01-02 13:03:25,TOKEN_EXCEEDED,147,148,CRITICAL,300.0,8.0,304.456,34120.262,SUSPEND_24HR
VN000224,T011,R00000527,2025-01-02 13:08:39,TOKEN_EXCEEDED,148,149,CRITICAL,300.0,8.0,360.0,34480.262,SUSPEND_24HR
VN000225,T011,R00000437,2025-01-02 13:14:24,TOKEN_EXCEEDED,149,150,CRITICAL,300.0,8.0,360.0,34840.262,SUSPEND_24HR
VN000226,T011,R00000627,2025-01-02 13:20:57,TOKEN_EXCEEDED,150,151,CRITICAL,300.0,8.0,360.0,35200.262,SUSPEND_24HR
VN000227,T011,R00000594,2025-01-02 13:29:07,TOKEN_EXCEEDED,151,152,CRITICAL,300.0,8.0,312.6,35512.862,SUSPEND_24HR
VN000228,T011,R00000377,2025-01-02 13:33:16,TOKEN_EXCEEDED,152,153,CRITICAL,300.0,8.0,360.0,35872.862,SUSPEND_24HR
VN000229,T011,R00000589,2025-01-02 13:39:26,TOKEN_EXCEEDED,153,154,CRITICAL,300.0,8.0,315.688,36188.55,SUSPEND_24HR
VN000230,T011,R00000154,2025-01-02 13:52:15,TOKEN_EXCEEDED,154,155,CRITICAL,300.0,8.0,302.328,36490.878,SUSPEND_24HR
VN000231,T011,R00000153,2025-01-02 13:53:58,TOKEN_EXCEEDED,155,156,CRITICAL,300.0,8.0,300.28,36791.158,SUSPEND_24HR
VN000232,T011,R00000621,2025-01-02 14:05:17,TOKEN_EXCEEDED,156,157,CRITICAL,300.0,8.0,305.512,37096.67,SUSPEND_24HR
VN000233,T011,R00000613,2025-01-02 14:05:55,TOKEN_EXCEEDED,157,158,CRITICAL,300.0,8.0,309.224,37405.894,SUSPEND_24HR
VN000234,T011,R00000504,2025-01-02 14:16:47,TOKEN_EXCEEDED,158,159,CRITICAL,300.0,8.0,311.896,37717.79,SUSPEND_24HR
VN000235,T011,R00000665,2025-01-02 14:20:13,TOKEN_EXCEEDED,159,160,CRITICAL,300.0,8.0,304.056,38021.846,SUSPEND_24HR
VN000236,T011,R00000381,2025-01-02 14:28:20,TOKEN_EXCEEDED,160,161,CRITICAL,300.0,8.0,317.632,38339.478,SUSPEND_24HR
VN000237,T011,R00000506,2025-01-02 14:30:06,TOKEN_EXCEEDED,161,162,CRITICAL,300.0,8.0,343.376,38682.854,SUSPEND_24HR
VN000238,T011,R00000619,2025-01-02 14:31:10,TOKEN_EXCEEDED,162,163,CRITICAL,300.0,8.0,304.768,38987.622,SUSPEND_24HR
VN000239,T011,R00000616,2025-01-02 14:33:44,TOKEN_EXCEEDED,163,164,CRITICAL,300.0,8.0,334.944,39322.566,SUSPEND_24HR
VN000240,T011,R00000607,2025-01-02 14:39:20,TOKEN_EXCEEDED,164,165,CRITICAL,300.0,8.0,360.0,39682.566,SUSPEND_24HR
VN000241,T011,R00000473,2025-01-02 14:42:20,TOKEN_EXCEEDED,165,166,CRITICAL,300.0,8.0,303.368,39985.934,SUSPEND_24HR
VN000242,T011,R00000463,2025-01-02 14:45:33,TOKEN_EXCEEDED,166,167,CRITICAL,300.0,8.0,314.248,40300.182,SUSPEND_24HR
VN000243,T011,R00000503,2025-01-02 14:48:57,TOKEN_EXCEEDED,167,168,CRITICAL,300.0,8.0,331.104,40631.286,SUSPEND_24HR
VN000244,T011,R00000432,2025-01-02 14:53:20,TOKEN_EXCEEDED,168,169,CRITICAL,300.0,8.0,360.0,40991.286,SUSPEND_24HR
VN000245,T011,R00000595,2025-01-02 14:55:25,TOKEN_EXCEEDED,169,170,CRITICAL,300.0,8.0,306.8,41298.086,SUSPEND_24HR
VN000246,T011,R00000574,2025-01-02 14:56:44,TOKEN_EXCEEDED,170,171,CRITICAL,300.0,8.0,318.92,41617.006,SUSPEND_24HR
VN000247,T011,R00000494,2025-01-02 15:01:59,TOKEN_EXCEEDED,171,172,CRITICAL,300.0,8.0,314.264,41931.27,SUSPEND_24HR
VN000248,T011,R00000493,2025-01-02 15:02:19,TOKEN_EXCEEDED,172,173,CRITICAL,300.0,8.0,310.384,42241.654,SUSPEND_24HR
VN000249,T011,R00000502,2025-01-02 15:09:22,TOKEN_EXCEEDED,173,174,CRITICAL,300.0,8.0,360.0,42601.654,SUSPEND_24HR
VN000250,T011,R00000529,2025-01-02 15:16:43,TOKEN_EXCEEDED,174,175,CRITICAL,300.0,8.0,309.536,42911.19,SUSPEND_24HR
VN000251,T011,R00000578,2025-01-02 15:19:07,TOKEN_EXCEEDED,175,176,CRITICAL,300.0,8.0,308.056,43219.246,SUSPEND_24HR
VN000252,T011,R00000475,2025-01-02 15:30:43,TOKEN_EXCEEDED,176,177,CRITICAL,300.0,8.0,311.44,43530.686,SUSPEND_24HR
VN000253,T011,R00000608,2025-01-02 15:37:37,TOKEN_EXCEEDED,177,178,CRITICAL,300.0,8.0,320.864,43851.55,SUSPEND_24HR
VN000254,T011,R00000656,2025-01-02 15:39:35,TOKEN_EXCEEDED,178,179,CRITICAL,300.0,8.0,314.344,44165.894,SUSPEND_24HR
VN000255,T011,R00000420,2025-01-02 15:41:41,TOKEN_EXCEEDED,179,180,CRITICAL,300.0,8.0,314.0,44479.894,SUSPEND_24HR
VN000256,T011,R00000395,2025-01-02 15:44:40,TOKEN_EXCEEDED,180,181,CRITICAL,300.0,8.0,303.488,44783.382,SUSPEND_24HR
VN000257,T011,R00000443,2025-01-02 15:47:17,TOKEN_EXCEEDED,181,182,CRITICAL,300.0,8.0,309.488,45092.87,SUSPEND_24HR
VN000258,T011,R00000385,2025-01-02 15:53:30,TOKEN_EXCEEDED,182,183,CRITICAL,300.0,8.0,302.424,45395.294,SUSPEND_24HR
VN000259,T011,R00000386,2025-01-02 15:53:39,TOKEN_EXCEEDED,183,184,CRITICAL,300.0,8.0,314.528,45709.822,SUSPEND_24HR
VN000260,T011,R00000633,2025-01-02 16:01:25,TOKEN_EXCEEDED,184,185,CRITICAL,300.0,8.0,307.024,46016.846,SUSPEND_24HR
VN000261,T011,R00000526,2025-01-02 16:01:34,TOKEN_EXCEEDED,185,186,CRITICAL,300.0,8.0,311.776,46328.622,SUSPEND_24HR
VN000262,T011,R00000559,2025-01-02 16:06:14,TOKEN_EXCEEDED,186,187,CRITICAL,300.0,8.0,307.96,46636.582,SUSPEND_24HR
VN000263,T011,R00000521,2025-01-02 16:09:04,TOKEN_EXCEEDED,187,188,CRITICAL,300.0,8.0,322.928,46959.51,SUSPEND_24HR
VN000264,T011,R00000380,2025-01-02 16:09:34,TOKEN_EXCEEDED,188,189,CRITICAL,300.0,8.0,303.632,47263.142,SUSPEND_24HR
VN000265,T011,R00000599,2025-01-02 16:09:50,TOKEN_EXCEEDED,189,190,CRITICAL,300.0,8.0,313.416,47576.558,SUSPEND_24HR
VN000266,T011,R00000400,2025-01-02 16:13:57,TOKEN_EXCEEDED,190,191,CRITICAL,300.0,8.0,314.592,47891.15,SUSPEND_24HR
VN000267,T011,R00000484,2025-01-02 16:20:43,TOKEN_EXCEEDED,191,192,CRITICAL,300.0,8.0,306.456,48197.606,SUSPEND_24HR
VN000268,T011,R00000445,2025-01-02 16:21:30,TOKEN_EXCEEDED,192,193,CRITICAL,300.0,8.0,326.576,48524.182,SUSPEND_24HR
VN000269,T011,R00000412,2025-01-02 16:26:27,TOKEN_EXCEEDED,193,194,CRITICAL,300.0,8.0,360.0,48884.182,SUSPEND_24HR
VN000270,T011,R00000383,2025-01-02 16:34:30,TOKEN_EXCEEDED,194,195,CRITICAL,300.0,8.0,306.232,49190.414,SUSPEND_24HR
VN000271,T011,R00000547,2025-01-02 16:37:45,TOKEN_EXCEEDED,195,196,CRITICAL,300.0,8.0,360.0,49550.414,SUSPEND_24HR
VN000272,T011,R00000598,2025-01-02 16:38:50,TOKEN_EXCEEDED,196,197,CRITICAL,300.0,8.0,353.008,49903.422,SUSPEND_24HR
VN000273,T011,R00000560,2025-01-02 16:43:03,TOKEN_EXCEEDED,197,198,CRITICAL,300.0,8.0,302.248,50205.67,SUSPEND_24HR
VN000274,T011,R00000630,2025-01-02 16:48:49,TOKEN_EXCEEDED,198,199,CRITICAL,300.0,8.0,305.336,50511.006,SUSPEND_24HR
VN000275,T011,R00000434,2025-01-02 16:54:04,TOKEN_EXCEEDED,199,200,CRITICAL,300.0,8.0,312.2,50823.206,SUSPEND_24HR
VN000276,T011,R00000392,2025-01-02 17:09:46,TOKEN_EXCEEDED,200,201,CRITICAL,300.0,8.0,360.0,51183.206,SUSPEND_24HR
VN000277,T011,R00000637,2025-01-02 17:11:12,TOKEN_EXCEEDED,201,202,CRITICAL,300.0,8.0,360.0,51543.206,SUSPEND_24HR
VN000278,T011,R00000431,2025-01-02 17:19:48,TOKEN_EXCEEDED,202,203,CRITICAL,300.0,8.0,312.16,51855.366,SUSPEND_24HR
VN000279,T011,R00000544,2025-01-02 17:20:31,TOKEN_EXCEEDED,203,204,CRITICAL,300.0,8.0,313.192,52168.558,SUSPEND_24HR
VN000280,T011,R00000399,2025-01-02 17:23:48,TOKEN_EXCEEDED,204,205,CRITICAL,300.0,8.0,316.456,52485.014,SUSPEND_24HR
VN000281,T011,R00000620,2025-01-02 17:29:24,TOKEN_EXCEEDED,205,206,CRITICAL,300.0,8.0,311.608,52796.622,SUSPEND_24HR
VN000282,T011,R00000517,2025-01-02 17:30:23,TOKEN_EXCEEDED,206,207,CRITICAL,300.0,8.0,360.0,53156.622,SUSPEND_24HR
VN000283,T011,R00000459,2025-01-02 17:32:28,TOKEN_EXCEEDED,207,208,CRITICAL,300.0,8.0,309.176,53465.798,SUSPEND_24HR
VN000284,T011,R00000666,2025-01-02 17:36:47,TOKEN_EXCEEDED,208,209,CRITICAL,300.0,8.0,313.336,53779.134,SUSPEND_24HR
VN000285,T011,R00000569,2025-01-02 17:37:42,TOKEN_EXCEEDED,209,210,CRITICAL,300.0,8.0,310.816,54089.95,SUSPEND_24HR
VN000286,T011,R00000650,2025-01-02 17:42:20,TOKEN_EXCEEDED,210,211,CRITICAL,300.0,8.0,327.296,54417.246,SUSPEND_24HR
VN000287,T011,R00000536,2025-01-02 17:45:49,TOKEN_EXCEEDED,211,212,CRITICAL,300.0,8.0,320.8,54738.046,SUSPEND_24HR
VN000288,T011,R00000450,2025-01-02 17:45:54,TOKEN_EXCEEDED,212,213,CRITICAL,300.0,8.0,315.408,55053.454,SUSPEND_24HR
VN000289,T011,R00000405,2025-01-02 17:46:36,TOKEN_EXCEEDED,213,214,CRITICAL,300.0,8.0,310.976,55364.43,SUSPEND_24HR
VN000290,T011,R00000546,2025-01-02 17:46:47,TOKEN_EXCEEDED,214,215,CRITICAL,300.0,8.0,321.984,55686.414,SUSPEND_24HR
VN000291,T011,R00000634,2025-01-02 17:47:39,TOKEN_EXCEEDED,215,216,CRITICAL,300.0,8.0,315.568,56001.982,SUSPEND_24HR
VN000292,T011,R00000404,2025-01-02 17:53:58,TOKEN_EXCEEDED,216,217,CRITICAL,300.0,8.0,313.824,56315.806,SUSPEND_24HR
VN000293,T011,R00000655,2025-01-02 18:03:23,TOKEN_EXCEEDED,217,218,CRITICAL,300.0,8.0,343.96,56659.766,SUSPEND_24HR
VN000294,T011,R00000577,2025-01-02 18:18:39,TOKEN_EXCEEDED,218,219,CRITICAL,300.0,8.0,360.0,57019.766,SUSPEND_24HR
VN000295,T011,R00000372,2025-01-02 18:24:53,TOKEN_EXCEEDED,219,220,CRITICAL,300.0,8.0,360.0,57379.766,SUSPEND_24HR
VN000296,T011,R00000415,2025-01-02 18:28:26,TOKEN_EXCEEDED,220,221,CRITICAL,300.0,8.0,315.312,57695.078,SUSPEND_24HR
VN000297,T011,R00000657,2025-01-02 18:29:18,TOKEN_EXCEEDED,221,222,CRITICAL,300.0,8.0,360.0,58055.078,SUSPEND_24HR
VN000298,T011,R00000486,2025-01-02 18:34:35,TOKEN_EXCEEDED,222,223,CRITICAL,300.0,8.0,315.016,58370.094,SUSPEND_24HR
VN000299,T011,R00000592,2025-01-02 18:49:37,TOKEN_EXCEEDED,223,224,CRITICAL,300.0,8.0,360.0,58730.094,SUSPEND_24HR
VN000300,T011,R00000389,2025-01-02 18:51:38,TOKEN_EXCEEDED,224,225,CRITICAL,300.0,8.0,325.536,59055.63,SUSPEND_24HR
VN000301,T011,R00000388,2025-01-02 18:51:53,TOKEN_EXCEEDED,225,226,CRITICAL,300.0,8.0,312.384,59368.014,SUSPEND_24HR
VN000302,T011,R00000649,2025-01-02 18:58:11,TOKEN_EXCEEDED,226,227,CRITICAL,300.0,8.0,315.296,59683.31,SUSPEND_24HR
VN000303,T011,R00000477,2025-01-02 18:58:46,TOKEN_EXCEEDED,227,228,CRITICAL,300.0,8.0,360.0,60043.31,SUSPEND_24HR
VN000304,T011,R00000525,2025-01-02 19:05:17,TOKEN_EXCEEDED,228,229,CRITICAL,300.0,8.0,332.504,60375.814,SUSPEND_24HR
VN000305,T011,R00000363,2025-01-02 19:06:41,TOKEN_EXCEEDED,229,230,CRITICAL,300.0,8.0,302.816,60678.63,SUSPEND_24HR
VN000306,T011,R00000511,2025-01-02 19:17:01,TOKEN_EXCEEDED,230,231,CRITICAL,300.0,8.0,308.824,60987.454,SUSPEND_24HR
VN000307,T011,R00000428,2025-01-02 19:26:09,TOKEN_EXCEEDED,231,232,CRITICAL,300.0,8.0,315.176,61302.63,SUSPEND_24HR
VN000308,T011,R00000671,2025-01-02 19:28:54,TOKEN_EXCEEDED,232,233,CRITICAL,300.0,8.0,301.896,61604.526,SUSPEND_24HR
VN000309,T011,R00000663,2025-01-02 19:30:03,TOKEN_EXCEEDED,233,234,CRITICAL,300.0,8.0,311.376,61915.902,SUSPEND_24HR
VN000310,T011,R00000366,2025-01-02 19:34:15,TOKEN_EXCEEDED,234,235,CRITICAL,300.0,8.0,324.696,62240.598,SUSPEND_24HR
VN000311,T011,R00000394,2025-01-02 19:50:21,TOKEN_EXCEEDED,235,236,CRITICAL,300.0,8.0,315.16,62555.758,SUSPEND_24HR
VN000312,T011,R00000535,2025-01-02 19:51:40,TOKEN_EXCEEDED,236,237,CRITICAL,300.0,8.0,305.72,62861.478,SUSPEND_24HR
VN000313,T011,R00000674,2025-01-02 19:54:03,TOKEN_EXCEEDED,237,238,CRITICAL,300.0,8.0,326.88,63188.358,SUSPEND_24HR
VN000314,T011,R00000534,2025-01-02 19:57:35,TOKEN_EXCEEDED,238,239,CRITICAL,300.0,8.0,303.632,63491.99,SUSPEND_24HR
VN000315,T011,R00000379,2025-01-02 19:57:37,TOKEN_EXCEEDED,239,240,CRITICAL,300.0,8.0,310.024,63802.014,SUSPEND_24HR
VN000316,T011,R00000512,2025-01-02 20:07:08,TOKEN_EXCEEDED,240,241,CRITICAL,300.0,8.0,360.0,64162.014,SUSPEND_24HR
VN000317,T011,R00000456,2025-01-02 20:07:55,TOKEN_EXCEEDED,241,242,CRITICAL,300.0,8.0,315.184,64477.198,SUSPEND_24HR
VN000318,T011,R00000152,2025-01-02 20:10:00,TOKEN_EXCEEDED,242,243,CRITICAL,300.0,8.0,308.136,64785.334,SUSPEND_24HR
VN000319,T011,R00000664,2025-01-02 20:12:35,TOKEN_EXCEEDED,243,244,CRITICAL,300.0,8.0,302.52,65087.854,SUSPEND_24HR
VN000320,T011,R00000438,2025-01-02 20:15:04,TOKEN_EXCEEDED,244,245,CRITICAL,300.0,8.0,316.832,65404.686,SUSPEND_24HR
VN000321,T011,R00000588,2025-01-02 20:20:22,TOKEN_EXCEEDED,245,246,CRITICAL,300.0,8.0,304.064,65708.75,SUSPEND_24HR
VN000322,T011,R00000653,2025-01-02 20:21:45,TOKEN_EXCEEDED,246,247,CRITICAL,300.0,8.0,305.04,66013.79,SUSPEND_24HR
VN000323,T011,R00000421,2025-01-02 20:32:06,TOKEN_EXCEEDED,247,248,CRITICAL,300.0,8.0,343.376,66357.166,SUSPEND_24HR
VN000324,T011,R00000409,2025-01-02 20:36:48,TOKEN_EXCEEDED,248,249,CRITICAL,300.0,8.0,315.992,66673.158,SUSPEND_24HR
VN000325,T011,R00000407,2025-01-02 20:41:28,TOKEN_EXCEEDED,249,250,CRITICAL,300.0,8.0,360.0,67033.158,SUSPEND_24HR
VN000326,T011,R00000643,2025-01-02 20:46:25,TOKEN_EXCEEDED,250,251,CRITICAL,300.0,8.0,304.912,67338.07,SUSPEND_24HR
VN000327,T011,R00000382,2025-01-02 20:53:42,TOKEN_EXCEEDED,251,252,CRITICAL,300.0,8.0,360.0,67698.07,SUSPEND_24HR
VN000328,T011,R00000411,2025-01-02 20:55:44,TOKEN_EXCEEDED,252,253,CRITICAL,300.0,8.0,318.352,68016.422,SUSPEND_24HR
VN000329,T011,R00000570,2025-01-02 21:12:37,TOKEN_EXCEEDED,253,254,CRITICAL,300.0,8.0,316.688,68333.11,SUSPEND_24HR
VN000330,T011,R00000483,2025-01-02 21:14:08,TOKEN_EXCEEDED,254,255,CRITICAL,300.0,8.0,318.704,68651.814,SUSPEND_24HR
VN000331,T011,R00000545,2025-01-02 21:14:40,TOKEN_EXCEEDED,255,256,CRITICAL,300.0,8.0,303.272,68955.086,SUSPEND_24HR
VN000332,T011,R00000497,2025-01-02 21:18:32,TOKEN_EXCEEDED,256,257,CRITICAL,300.0,8.0,360.0,69315.086,SUSPEND_24HR
VN000333,T011,R00000488,2025-01-02 21:36:43,TOKEN_EXCEEDED,257,258,CRITICAL,300.0,8.0,312.096,69627.182,SUSPEND_24HR
VN000334,T011,R00000461,2025-01-02 21:49:14,TOKEN_EXCEEDED,258,259,CRITICAL,300.0,8.0,328.056,69955.238,SUSPEND_24HR
VN000335,T011,R00000561,2025-01-02 21:50:00,TOKEN_EXCEEDED,259,260,CRITICAL,300.0,8.0,349.76,70304.998,SUSPEND_24HR
VN000336,T011,R00000482,2025-01-02 21:52:07,TOKEN_EXCEEDED,260,261,CRITICAL,300.0,8.0,360.0,70664.998,SUSPEND_24HR
VN000337,T011,R00000398,2025-01-02 21:52:09,TOKEN_EXCEEDED,261,262,CRITICAL,300.0,8.0,307.696,70972.694,SUSPEND_24HR
VN000338,T011,R00000492,2025-01-02 21:56:17,TOKEN_EXCEEDED,262,263,CRITICAL,300.0,8.0,360.0,71332.694,SUSPEND_24HR
VN000339,T011,R00000552,2025-01-02 21:58:00,TOKEN_EXCEEDED,263,264,CRITICAL,300.0,8.0,360.0,71692.694,SUSPEND_24HR
VN000340,T011,R00000572,2025-01-02 21:58:06,TOKEN_EXCEEDED,264,265,CRITICAL,300.0,8.0,360.0,72052.694,SUSPEND_24HR
VN000341,T011,R00000550,2025-01-02 22:10:33,TOKEN_EXCEEDED,265,266,CRITICAL,300.0,8.0,352.112,72404.806,SUSPEND_24HR
VN000342,T011,R00000676,2025-01-02 22:11:30,TOKEN_EXCEEDED,266,267,CRITICAL,300.0,8.0,309.776,72714.582,SUSPEND_24HR
VN000343,T011,R00000515,2025-01-02 22:11:51,TOKEN_EXCEEDED,267,268,CRITICAL,300.0,8.0,312.76,73027.342,SUSPEND_24HR
VN000344,T011,R00000419,2025-01-02 22:16:38,TOKEN_EXCEEDED,268,269,CRITICAL,300.0,8.0,309.832,73337.174,SUSPEND_24HR
VN000345,T011,R00000670,2025-01-02 22:24:56,TOKEN_EXCEEDED,269,270,CRITICAL,300.0,8.0,306.008,73643.182,SUSPEND_24HR
VN000346,T011,R00000652,2025-01-02 22:26:44,TOKEN_EXCEEDED,270,271,CRITICAL,300.0,8.0,360.0,74003.182,SUSPEND_24HR
VN000347,T011,R00000370,2025-01-02 22:38:22,DAILY_EXCEEDED,271,272,CRITICAL,300.0,8.0,315.128,74318.31,SUSPEND_24HR
VN000348,T011,R00000466,2025-01-02 22:43:44,DAILY_EXCEEDED,272,273,CRITICAL,300.0,8.0,310.808,74629.118,SUSPEND_24HR
VN000349,T011,R00000538,2025-01-02 22:44:19,DAILY_EXCEEDED,273,274,CRITICAL,300.0,8.0,324.304,74953.422,SUSPEND_24HR
VN000350,T011,R00000597,2025-01-02 22:52:05,DAILY_EXCEEDED,274,275,CRITICAL,300.0,8.0,360.0,75313.422,SUSPEND_24HR
VN000351,T011,R00000573,2025-01-02 22:57:34,DAILY_EXCEEDED,275,276,CRITICAL,300.0,8.0,353.032,75666.454,SUSPEND_24HR
VN000352,T011,R00000605,2025-01-02 23:03:07,DAILY_EXCEEDED,276,277,CRITICAL,300.0,8.0,303.792,75970.246,SUSPEND_24HR
VN000353,T011,R00000668,2025-01-02 23:06:27,DAILY_EXCEEDED,277,278,CRITICAL,300.0,8.0,307.472,76277.718,SUSPEND_24HR
VN000354,T011,R00000587,2025-01-02 23:10:54,DAILY_EXCEEDED,278,279,CRITICAL,300.0,8.0,360.0,76637.718,SUSPEND_24HR
VN000355,T011,R00000465,2025-01-02 23:13:36,DAILY_EXCEEDED,279,280,CRITICAL,300.0,8.0,308.072,76945.79,SUSPEND_24HR
VN000356,T011,R00000430,2025-01-02 23:20:48,DAILY_EXCEEDED,280,281,CRITICAL,300.0,8.0,303.472,77249.262,SUSPEND_24HR
VN000357,T011,R00000554,2025-01-02 23:25:13,DAILY_EXCEEDED,281,282,CRITICAL,300.0,8.0,303.808,77553.07,SUSPEND_24HR
VN000358,T011,R00000422,2025-01-02 23:29:40,DAILY_EXCEEDED,282,283,CRITICAL,300.0,8.0,360.0,77913.07,SUSPEND_24HR
VN000359,T011,R00000580,2025-01-02 23:42:41,DAILY_EXCEEDED,283,284,CRITICAL,300.0,8.0,312.416,78225.486,SUSPEND_24HR
VN000360,T011,R00000472,2025-01-02 23:43:31,DAILY_EXCEEDED,284,285,CRITICAL,300.0,8.0,360.0,78585.486,SUSPEND_24HR
VN000361,T011,R00000528,2025-01-02 23:48:01,DAILY_EXCEEDED,285,286,CRITICAL,300.0,8.0,302.4,78887.886,SUSPEND_24HR
VN000362,T011,R00000543,2025-01-02 23:49:54,DAILY_EXCEEDED,286,287,CRITICAL,300.0,8.0,307.616,79195.502,SUSPEND_24HR
VN000363,T011,R00000452,2025-01-02 23:53:00,DAILY_EXCEEDED,287,288,CRITICAL,300.0,8.0,360.0,79555.502,SUSPEND_24HR
VN000364,T011,R00000518,2025-01-02 23:56:47,DAILY_EXCEEDED,288,289,CRITICAL,300.0,8.0,305.624,79861.126,SUSPEND_24HR
VN000365,T011,R00000402,2025-01-02 23:57:26,DAILY_EXCEEDED,289,290,CRITICAL,300.0,8.0,360.0,80221.126,SUSPEND_24HR
VN000366,T011,R00000636,2025-01-02 23:58:32,DAILY_EXCEEDED,290,291,CRITICAL,300.0,8.0,303.04,80524.166,SUSPEND_24HR
